value,count
داره,2890
هست,2470
نداره,2189
میشه,2154
میکنه,2098
کنید,1906
نیست,1884
عالیه,1843
سلام,1806
است,1603
بود,1488
باشه,1283
و,1255
خوبه,1126
کرد,1082
خریدم,1082
کنه,954
میده,864
شده,840
کردم,837
هستش,797
شد,781
میکنم,775
باشید,718
بهتره,695
کنم,680
عالی,679
نکنید,661
دارم,621
بشه,586
1,582
دوستان,546
کالا,504
کرده,504
نمیشه,502
راضیم,492
بخرید,483
گوشی,466
خوبیه,444
نمیکنه,441
هستم,424
گرفتم,416
ممنون,401
بگم,388
تره,382
5,380
داشت,371
دارن,371
بخرم,357
دارد,351
میاد,343
تشکر,331
2,328
کنن,314
4,314
هستن,308
داشتم,308
3,303
کنین,293
بده,281
نه,279
باشد,266
شه,250
میکنن,249
دیگه,235
میگم,233
هستند,229
ام,227
میاره,227
ندیدم,224
بدید,224
عزیز,220
ها,218
کن,218
میشد,217
شدم,217
نکردم,215
میگیره,211
بوده,211
نیس,208
6,206
خوب,206
سامسونگ,203
میزنه,202
بگیرید,198
بودم,196
میدم,192
کنی,189
قیمت,185
بالا,183
ضعیفه,179
ندارد,176
علی,174
باشم,174
داد,172
ندارم,171
رو,169
خرید,164
نبود,161
کردن,160
ندارن,160
کند,160
میره,158
شود,157
اینه,155
میداره,153
لطفا,153
العادس,152
نداشت,152
گرفت,149
باشین,149
نکرده,149
من,149
بیاد,149
بگیرم,146
خریدمش,146
0,146
میخوره,146
گوشیه,145
کنند,143
میکرد,143
نمیشید,142
نمیاد,141
نشد,141
نشده,137
میشن,135
7,135
دارند,134
اومده,133
ببینید,133
ازش,132
کنیم,131
رسید,130
بدم,129
کمه,128
میکند,127
بودن,127
ارزه,127
نمیکنم,127
بهترینه,124
بخرین,124
مرسی,124
دوربین,123
بدین,123
میباشد,121
کیفیت,120
میشود,119
مناسبه,119
دیجی,119
اومد,119
ای,118
ببرید,118
العادست,116
بالاتره,115
بالاست,115
نکنین,113
تر,112
نباشید,112
نباشه,112
دادم,112
میرسه,111
میخرم,111
نشه,111
این,111
نظیره,109
باشن,107
زیباست,106
چیه,106
میگن,105
العاده,105
نداشتم,105
نمیخوره,104
8,104
زده,104
سونی,103
نمیاره,100
میشید,99
نمیرسه,99
نیستم,98
دسته,98
یاعلی,97
قیمتش,97
محشره,96
میکنید,96
ست,96
بگیره,96
همین,95
دیدم,94
نمیده,94
میدن,92
بیارید,92
زیبا,91
داده,89
نمایش,89
باتری,86
پایین,86
مناسب,86
بخرمش,85
بخرن,85
قوی,85
بگیرین,85
بدن,85
میشم,85
ایه,85
نمیدونم,84
زیاده,82
اپل,82
باسلام,82
نداشته,81
دست,81
باتشکر,81
دارمش,80
داشته,80
نکرد,79
چرا,79
بیاره,79
دارید,79
شما,79
بزنید,79
ضعیف,78
بزنه,77
چی,77
بخره,77
میکنند,77
میمونه,76
بخریم,76
دیجیکالا,76
که,76
مهمه,72
هم,72
همه,72
گفتم,71
افزار,71
میخرمش,71
اس,70
پایینه,70
هاست,70
بشید,70
بیشتره,70
قبوله,70
بهتر,69
میکردم,69
بخوره,68
برسه,67
شدن,67
10,66
میکشه,66
ندید,66
هس,66
نیستن,66
حق,65
برید,65
نمیکنید,65
س,64
باشیم,64
واقعا,64
میبره,63
ممنونم,63
افتاد,63
اند,62
بیشتر,61
خریدش,61
نکنه,61
شارژ,61
نخرید,60
زیاد,60
بزارید,60
2016,59
گیگ,58
برد,58
باشند,58
سریع,58
نظر,57
بازار,57
انگشت,57
زدم,56
همینه,56
بخشه,55
گرونه,55
داریم,54
نیومده,54
دادن,54
راحته,54
یا,54
رسیدم,53
نداشتن,53
سامسونگه,53
هستیم,53
نیومد,52
ساخت,52
خورد,52
کنندس,52
هستید,52
گرفته,52
میندازه,52
کمتره,51
کم,51
آورد,51
دهد,50
صفحه,50
جی,49
روز,49
باهاش,49
نمیزنه,47
دهید,47
جون,47
نمیشین,46
میکنین,46
بکنه,46
انتخابه,46
ندارند,46
مینویسم,46
منتظرم,46
ولی,46
نوشتم,46
کردید,45
خوندید,45
میگیرن,45
بزرگه,45
بازی,45
میداد,45
بره,44
طبیعیه,44
رم,44
اندروید,44
بگیرن,44
میشین,44
بدی,44
خودش,44
سخته,44
نکردن,44
باطری,44
سرتره,43
افتاده,43
همگی,43
نره,43
ایران,43
هواوی,43
سلفی,42
لایک,42
ضعف,42
اورد,42
دنیا,41
کنندست,41
میدهد,41
کننده,41
میگیرم,41
استفاده,41
میکنی,41
سی,41
درود,40
انگیز,40
بالاس,40
باشی,40
فقط,40
ساعت,40
شماست,39
جان,39
بیرون,39
آیفون,39
رفته,39
بازاره,39
نبوده,39
نخورید,39
طراحی,39
خیر,39
گذاشت,39
لایکو,38
9,38
سپاس,38
افزاری,38
رفت,38
درسته,38
نکن,38
بگه,37
دید,37
زد,37
قشنگه,37
جالبه,37
حافظه,37
دوربینش,36
کیفیته,36
گفت,36
کردی,36
منتظریم,36
قدرتمند,36
متوسط,36
رسیده,35
اما,35
خوره,34
دنیاست,34
بخریدش,34
بیار,34
نظیر,34
از,33
نظرم,33
نبودن,33
بکنید,33
ویژه,33
الجی,33
خودم,33
لحاظ,33
کافیه,33
جدید,33
موجوده,33
دی,33
قویه,32
نخریدم,32
میخریدم,32
سنگین,32
متشکرم,32
گذاشته,32
ایفون,31
عزیزان,31
بشن,31
بگیری,31
راحت,31
میارزه,31
امکانات,31
اصلا,31
چطوره,31
داشتن,31
ندین,31
معمولی,30
خاص,30
کاربردیه,30
میخوام,30
بکنم,29
بیارین,29
گارانتی,29
عادیه,29
پشیمونم,29
باتریش,29
دیگس,29
نکنن,29
ده,29
تمام,29
edge,29
ندارید,29
معمولیه,28
بخونید,28
گیره,28
درصد,28
میبرم,28
خوشگله,28
موندم,28
خدا,28
رده,28
گرم,28
روش,28
کاربری,28
شیکه,28
غیره,27
بزاره,27
عالین,27
شیک,27
گرامی,27
حله,27
کارت,27
تمومه,27
روونه,27
براش,27
گفتن,27
هاش,27
میفته,27
بذارید,27
هنگ,26
هوآوی,26
اول,26
s7,26
خیلی,26
دارین,26
کجا,26
نیاد,26
سبک,26
بندازید,26
شب,26
ه,26
داری,26
بعد,25
باش,25
هیچ,25
دستیه,25
سریعه,25
نشدم,25
نمیگیره,25
بودنش,25
ببرین,25
نیستند,25
حتما,25
بنویسم,25
سبکه,25
شوند,24
plus,24
6s,24
بدرود,24
بخر,24
نمیکنن,24
نمیشود,24
کردین,24
میزنن,24
موبایل,24
لگ,24
ثانیه,24
اونه,24
منه,24
قبول,24
الان,24
قوت,24
قویتره,24
بگید,24
بگیریم,24
نذاشته,23
اخه,23
کنار,23
تاپ,23
نداده,23
دستگاه,23
دیگر,23
آخه,23
یک,23
خوبی,23
نگفته,23
البته,23
مناسبیه,23
برام,23
بالاتر,23
مشکی,23
سوخت,23
چیزی,23
نگیرید,22
otg,22
20,22
نکنم,22
شاهکاره,22
بودند,22
نشید,22
بردم,22
اندازه,22
خریده,22
برند,22
به,22
گرفتن,22
کردند,22
در,22
نقصه,22
را,22
شوید,22
بگذریم,22
جلو,22
کمتر,21
ضعیفتره,21
میزنم,21
آمد,21
هنوز,21
رسه,21
نمایید,21
یاحق,21
عاشقشم,21
خوبن,21
میخوری,21
حالا,21
خودتون,21
میزارم,21
شکست,21
نمیزاره,21
بدیم,21
بد,21
بمونه,21
براتون,21
میکردن,20
دقیقه,20
راضیه,20
معایب,20
4G,20
مشکلی,20
دستم,20
میکنیم,20
اصلی,20
جهان,20
نوشته,20
عزیزم,20
بزرگ,20
بگیر,20
بزارم,20
کردیم,20
اون,20
گلم,20
نقص,20
سال,20
تو,20
احترام,20
عامل,20
های,20
بخیر,20
آورده,20
بندازین,19
میدید,19
خالیه,19
مونده,19
‌,19
نمیذاره,19
آن,19
ارزونتره,19
همینطور,19
افته,19
قبل,19
میبرید,19
بگذارید,19
هیچی,19
خاصه,19
دوم,19
اینجوریه,19
کامل,19
سرعت,19
میدی,19
سیم,19
جانبی,19
شید,19
اید,19
روان,19
بدنه,19
رقبا,19
معرکس,19
میوفته,19
می‌کنه,19
بزارین,19
نمیکرد,18
کلام,18
هستین,18
موند,18
میبود,18
با,18
فیلم,18
بینظیره,18
بشم,18
صورتی,18
نداریم,18
گذاشتم,18
اوردم,18
میشی,18
بخری,18
گزینس,18
16,18
همیشه,18
نمیشد,18
کامله,18
آید,18
حالی,18
صدا,18
خوندین,18
اینچ,18
بس,18
گوشیم,18
متفاوته,18
قیمته,18
فروختم,18
نرید,18
بهترین,17
یکیه,17
گذاشتید,17
ان,17
دستمه,17
خریدن,17
هایی,17
خدانگهدار,17
کل,17
4k,17
خودتونه,17
نده,17
کاربردی,17
نبودم,17
میگرفتم,17
میدونم,17
آب,17
ببره,17
گرافیک,17
فراوان,17
نمیمونه,17
عجیبه,17
ساده,17
تقریبا,17
نمیکنین,17
s6,17
پلاس,17
میخرن,17
ادب,17
بزنم,17
باکیفیت,17
اش,17
هوشمند,16
دو,16
بفرمایید,16
دیگست,16
عکس,16
ببینم,16
گذشت,16
قبلی,16
HTC,16
افتضاحه,16
بهش,16
میدونه,16
مدد,16
گلد,16
اینترنت,16
تا,16
ایسوس,16
سوال,16
نکردید,16
بگن,16
ذوقم,16
بزنن,16
محصول,16
یانه,16
آوردم,16
سره,16
نمیدن,16
طلایی,16
نکته,16
مگاپیکسل,16
پردازنده,16
کشید,16
عقب,16
سنگینه,16
بذارم,16
نداد,16
فعلا,15
خوردم,15
خوبتون,15
میخواد,15
کار,15
پایینتره,15
A,15
زیباس,15
مونه,15
گوگل,15
زدن,15
اشتباهه,15
برنامه,15
خودشه,15
htc,15
ببینه,15
شدند,15
نمیره,15
بودنشه,15
میدونید,15
خوندم,15
مزایا,15
قدرت,15
میرزه,15
اندروید6,15
مشکل,15
نمیبینم,15
نیستش,14
متوسطه,14
بشین,14
داخلی,14
گیرد,14
میومد,14
بزار,14
زشته,14
نزده,14
5x,14
پردازش,14
میگه,14
یو,14
بدونید,14
نمیگم,14
لنوو,14
ببینین,14
گردد,14
فلزی,14
دلیل,14
ببینی,14
موزیک,14
میشکنه,14
نور,14
نمیشی,14
بهترن,14
گیری,14
نمیگه,14
تکراری,14
نمیشن,14
بزن,14
عالیست,14
12,14
نداری,14
میذاره,14
مطلب,14
نباشین,14
بزنی,14
دهند,14
میرسد,13
اج,13
ببرن,13
4g,13
نکنیم,13
اینجا,13
گذاشتن,13
بخونن,13
پس,13
گذشته,13
برتره,13
نمیشم,13
ماه,13
باطریش,13
دار,13
چند,13
خب,13
میخرید,13
باحاله,13
روشن,13
نگو,13
امروز,13
بندی,13
نمیرزه,13
موجود,13
گلس,13
میشوید,13
کیفیتش,13
بخرند,13
تاچ,13
کجاست,13
سپاسگزارم,13
برده,13
میبینم,13
دونست,13
رقیبه,13
چین,13
g5,13
13,13
پشت,13
گم,13
میدونن,13
نمیرسن,13
برمیاد,13
می‌کنم,13
دنیاس,13
حاضر,13
تعویض,13
آوردن,13
نمیدم,13
نمیکند,13
نخوردم,12
روشنه,12
معلومه,12
S7,12
بگیرمش,12
بیاری,12
اندرویدی,12
بکشید,12
میزاره,12
خرم,12
نشم,12
میشوند,12
میارن,12
V10,12
میذارم,12
بماند,12
بنده,12
سونیه,12
امکاناتش,12
داغ,12
چینیه,12
نمود,12
اندرویده,12
خدایی,12
شم,12
نکنند,12
نمیکردم,12
بدهند,12
مشخصه,12
گرفتمش,12
ببینیم,12
میبینید,12
تعصب,12
برم,12
ظاهر,12
جهانه,12
مورد,12
زیبایی,12
معرکست,12
15,12
محترم,12
می‌کند,12
چینی,12
م,12
هزار,12
بنویسید,12
بذارین,12
لازمه,12
تون,12
z5,12
هفته,12
ما,12
ماند,12
متفاوت,12
بکنن,12
ا,12
بقیه,12
فهمید,12
فلش,12
شدید,12
نگرفتم,12
آمپر,11
حرفا,11
بودیم,11
سلفیش,11
بیفته,11
بذاره,11
یکم,11
فارسی,11
ریختم,11
نرسیده,11
بهتون,11
بهتریه,11
اسپیکر,11
c,11
خواهشا,11
بکنی,11
شک,11
نمیارزه,11
cpu,11
باز,11
فروختمش,11
مدل,11
میشیم,11
ضربه,11
بزنین,11
چینه,11
ریخت,11
پذیره,11
گوشیو,11
ios,11
خوشدسته,11
بیام,11
کسانی,11
بزارن,11
نوکیا,11
مختلف,11
روزه,11
برن,11
سریعتره,11
خرمش,11
بگین,11
غولیه,11
اپله,11
ی,11
کوچیکه,11
نویسم,11
میدادم,11
عااالیه,11
میگیری,11
نیاورد,11
پره,11
M,11
2015,11
نخوره,11
چون,11
گردی,11
قیمتی,11
واسش,11
ببرم,11
بشود,11
اینطوریه,11
هندزفری,11
نشدن,11
دیدن,11
دادین,11
اعصابه,11
مثل,11
شاید,11
باریک,10
نی,10
خداحافظ,10
موافقا,10
پر,10
تلگرام,10
میدین,10
ساخته,10
ایرانی,10
G5,10
بیوفته,10
خوشکله,10
خاموش,10
اوله,10
نشن,10
داشتنیه,10
ندهید,10
صرفه,10
حیف,10
فرد,10
بخریمش,10
فروش,10
توش,10
کلا,10
برداری,10
برخورداره,10
جذابه,10
منتظرشم,10
معتبر,10
ن,10
انتخابم,10
بندازه,10
چجوریه,10
آخر,10
میخوان,10
جلوتره,10
اورده,10
والسلام,10
زودی,10
حد,10
زودتر,10
تماس,10
نوت,10
کاربره,10
عادی,10
امپر,10
پیشه,10
عاااالیه,10
کسی,10
چنده,10
|,10
خوشحالم,10
مقاومه,10
کلاسه,10
ندارین,10
خریدنش,10
میخواستم,10
متاسفم,10
براشون,10
بگیرد,10
سفید,10
طور,10
وسلام,10
نمیکنی,10
انگار,10
جذاب,10
تکراریه,10
بار,10
ویندوز,10
بیسته,10
همتون,9
خدمتم,9
شرکت,9
نمیخرم,9
دوستانی,9
قرمز,9
منطقیه,9
بنظرم,9
متاسفانه,9
میداشت,9
نمیداره,9
نشست,9
دستتون,9
مدت,9
گرونتره,9
مشخصات,9
سایت,9
پشتش,9
گذاشتین,9
تکنولوژی,9
رنگ,9
میپسندم,9
j7,9
زیباییه,9
نشین,9
والا,9
مفته,9
دور,9
نگرفتن,9
بیارم,9
می‌شه,9
انصافا,9
نزاشته,9
بخونین,9
مداوم,9
نمیبینید,9
توپه,9
بدهید,9
LG,9
می‌کنند,9
مثلا,9
گفته,9
ساله,9
کیبورد,9
دانلود,9
ش,9
موضوع,9
مجازی,9
نمایندگی,9
تکه,9
بکنین,9
موقع,9
زود,9
لپتاپ,9
lite,9
داراست,9
نمیومد,9
اصله,9
نما,9
ارزد,9
جالبیه,9
کارایی,9
نباشد,9
17,9
ندادم,9
میبرین,9
شیشه,9
هسته,9
بشکنه,9
پیش,9
S6,9
بدونم,9
پریمیوم,9
میخورد,9
بسازه,9
راحتی,9
راضی,9
شرمنده,9
بینید,9
توجه,9
فای,9
کاملیه,9
بگیم,9
منتظرن,9
میخریدمش,9
میرسید,8
موافقه,8
میرسونه,8
ع,8
پوشیه,8
منفی,8
نیاورده,8
توجهتون,8
مشکیه,8
گیگابایت,8
جالب,8
محصولاتش,8
بندازن,8
ماهه,8
میخوامش,8
می‌شود,8
بزرگیه,8
بخدا,8
همزمان,8
بیارن,8
آیفونه,8
تومن,8
پلاستیکی,8
همینطوره,8
میسوزه,8
premium,8
هنگی,8
نکنی,8
نخرین,8
خخخ,8
نکند,8
نمایشش,8
شنیدم,8
گشتم,8
hd,8
چه,8
نقصیه,8
میگی,8
انتخاب,8
میاورد,8
تاب,8
شارژر,8
میگیرمش,8
نشود,8
زمین,8
خوش,8
بری,8
ماست,8
میلیون,8
ظاهرش,8
ممکن,8
میخام,8
قیمتشه,8
کاربر,8
یکی,8
یاد,8
زمینه,8
فلز,8
نرم,8
میبینه,8
قدیمیه,8
خورده,8
بزرگتره,8
گ,8
قویتر,8
میارید,8
نمره,8
خاکستری,8
بکند,8
نصبه,8
فوق‌العاده,8
عکاسی,8
64,8
ترکونده,8
واقعی,8
پیشرفته,8
نرسه,8
هدفون,8
نخورین,8
میارم,8
فلزیه,8
کشه,8
دوباره,8
دسترسه,8
نمیرم,8
عالییییی,8
نکسوس,8
مگ,8
داشتند,8
خوبم,8
دم,8
عالییه,8
x,8
مهم,8
حیفه,8
محشر,8
طوری,8
پدرم,8
تعویضه,8
افزاریه,8
C,8
ببخشید,8
چقدره,8
بیاورید,8
میفروشه,8
11,8
روانه,8
اینا,8
اینچی,8
ممکنه,8
فرستاد,8
جوریه,8
روشه,8
کلاس,8
بشی,8
نمیکنند,8
الکیه,8
میسازه,8
اومدم,8
بزرگوار,8
نکید,8
د,8
رسوند,8
برگرده,8
خود,8
v10,7
ناراحتم,7
پرچمدار,7
محیط,7
18,7
820,7
میبرن,7
میگرفت,7
3g,7
لمسیه,7
انداخته,7
ببینن,7
برنده,7
تموم,7
سیمکارت,7
نتیجه,7
ننوشته,7
رفتم,7
بیست,7
میبینیم,7
میگیرید,7
قبلیم,7
سامسونگم,7
محضه,7
شخصیه,7
6p,7
خارجی,7
دوربینه,7
نماید,7
افتادم,7
پلاستیکیه,7
وجه,7
ببنید,7
میمونم,7
ترین,7
نیفته,7
بای,7
کارته,7
همن,7
گزینست,7
داغونه,7
ویتنام,7
کمی,7
برگشت,7
حساسم,7
نمیداد,7
چطور,7
بسیار,7
بفروشم,7
بابا,7
قشنگیه,7
خمیده,7
6اس,7
اومدن,7
بخونه,7
پسندم,7
ضعفه,7
شارژه,7
بله,7
زیر,7
خونه,7
داشتنی,7
برداشت,7
برندها,7
اس6,7
پلاستیک,7
واضحه,7
OTG,7
تصویر,7
میبینن,7
خریدین,7
دادید,7
میکن,7
نیفتاده,7
عالییی,7
نرفتم,7
داریه,7
میگیرد,7
میکردی,7
برابره,7
جی5,7
باطریشه,7
چیزا,7
v20,7
عیب,7
تنظیمات,7
مند,7
نمیخواد,7
کارکنه,7
نقد,7
صداش,7
آیا,7
بگذارم,7
بیاید,7
میرن,7
نوشتن,7
خوبش,7
بررسی,7
مردم,7
ازتون,7
گیگه,7
میزنی,7
حتی,7
آوره,7
عالیی,7
لطفاً,7
بذارن,7
نیازه,7
روزمره,7
اس7,7
زمانی,7
گرفتی,7
وبگردی,7
ناموجوده,7
2017,7
بشیم,7
فعاله,7
پرچمداره,7
مگابایت,7
چیز,7
رقیب,7
بدهد,7
نزنه,7
میکشن,7
نوشت,7
نمایشگر,7
بکشه,7
وزن,7
بفروشه,7
کافی,7
نکردین,7
خریدیم,7
مبارک,7
محکمه,7
مهمان,7
عااااالیه,7
ظریفه,7
چیست,7
میخره,7
مات,7
کاور,7
کاشته,7
دهی,7
تحقیق,7
لمسی,6
نیفتاد,6
مشابه,6
انداخت,6
پرقدرت,6
کوچیک,6
بگیرند,6
همراه,6
بیتی,6
ببرند,6
بودش,6
پیکسل,6
می‌ده,6
بخش,6
قبولیه,6
پلاستیکه,6
غیر,6
دقیقا,6
بدیه,6
برداره,6
بانک,6
نداشتیم,6
نزنید,6
نمیفته,6
فرستادن,6
خوردن,6
اونهاست,6
ترم,6
بخرینش,6
فعلی,6
دستی,6
برسم,6
شفاف,6
فایل,6
اضافی,6
انگیزه,6
خوشگل,6
میرفت,6
افتضاح,6
چطوریه,6
قلم,6
وقتی,6
خرابه,6
می,6
میرود,6
میکشم,6
فوقالعاده,6
سه,6
رنج,6
راضین,6
واقعیه,6
خداروشکر,6
کی,6
عاااالی,6
سازگاره,6
مقاوم,6
گذارم,6
بوک,6
گوشیش,6
کالایی,6
بکشم,6
قاب,6
گرفتیم,6
نگیره,6
فرمایید,6
آله,6
قدرتمنده,6
ssd,6
اینو,6
فیلمبرداری,6
شارژش,6
اتوماتیک,6
بلنده,6
دقیق,6
حال,6
کاری,6
فون,6
پاور,6
دونن,6
بزرگتر,6
اعلان,6
usb,6
سازه,6
priv,6
نگفت,6
عشقه,6
معروفه,6
بزاری,6
ترکوند,6
میان,6
بودنه,6
برمیگرده,6
گوشیتون,6
فهمیدم,6
هستی,6
دوربینشه,6
سفیدش,6
گل,6
میزد,6
فلان,6
حداقل,6
کارآمد,6
حساسه,6
نمایشه,6
طبیعی,6
غوله,6
ضعیفشه,6
پ,6
میموند,6
مکالمه,6
ایراد,6
نوازه,6
N,6
شناخت,6
مشتری,6
چشم,6
بفروشن,6
میرم,6
ندن,6
دونم,6
گوش,6
بعدی,6
دعا,6
ک,6
هوا,6
نمودم,6
تاچش,6
نوره,6
میخواین,6
نمیدید,6
میفهمید,6
یه,6
یکسانه,6
بهم,6
میذارن,6
زنه,6
اخر,6
موفق,6
انگشته,6
پولی,6
D,6
مطلوب,6
دیده,6
موافقم,6
14,6
رسد,6
میدیم,6
امد,6
ندم,6
تری,6
بدنش,6
جیبش,6
نخرم,6
جوره,6
615,6
راضییم,6
بیاورد,6
بعیده,6
شین,6
برین,6
انتظار,6
کنیید,6
میپوشونه,6
تومان,6
هسش,6
a5,6
دیه,6
جهت,6
امده,6
انتظاره,5
ببینیدش,5
گیم,5
بلندگو,5
میذاشت,5
i7,5
هشت,5
ddr4,5
خواندید,5
نخورده,5
کاغذ,5
نیت,5
g4,5
گلدش,5
میخریم,5
بینظیر,5
قدیمی,5
جاش,5
مخه,5
مطمئن,5
نمی‌کنه,5
نباشن,5
قضیه,5
میدهند,5
ظاهری,5
ایرانه,5
p8,5
سنسور,5
میفروشن,5
بهتری,5
معنا,5
شدنشه,5
بزاریدش,5
دانست,5
برسد,5
ساعته,5
اینجاست,5
بینم,5
آیند,5
ساپورت,5
رزگلد,5
اشتباه,5
دوگانه,5
j5,5
مگاپیکسلی,5
اوکیه,5
نخرن,5
اچ,5
بهترینهاست,5
میخرند,5
میزارن,5
مربوطه,5
شن,5
فریم,5
اینکه,5
32,5
میگرفتن,5
ندیده,5
پرسیدم,5
امنیت,5
VGA,5
ترن,5
بدتر,5
خوندن,5
معرکه,5
تی,5
بفروشمش,5
نوتیفیکیشن,5
هواویه,5
نمیان,5
کمیابه,5
نگرفته,5
نخریدش,5
واسم,5
اجرامیکنه,5
خداییش,5
باهم,5
آبه,5
HD,5
اب,5
شوم,5
لمس,5
ببر,5
موردش,5
آپدیت,5
نکردنیه,5
نرین,5
نیامد,5
تبلیغات,5
بردارین,5
هزینه,5
شخصی,5
رازیم,5
z2,5
تاپه,5
صفره,5
بازم,5
میباشند,5
نخر,5
آمپره,5
یکه,5
فوق‌العادس,5
اوناست,5
بسوزه,5
سامی,5
SONY,5
استریو,5
واضح,5
کابل,5
محدود,5
دهندست,5
5s,5
قشنگتره,5
ناراضیم,5
تنده,5
میگرده,5
شدنش,5
نیاره,5
کشیدم,5
می‌کنید,5
کروم,5
دن,5
نمیکردن,5
se,5
کارکردم,5
ساختن,5
مفیده,5
میزاشتن,5
ارزشمنده,5
خاصیه,5
میخری,5
خاموشه,5
زیادش,5
میخورید,5
میگیریم,5
فروشگاه,5
کجاس,5
یافت,5
ت,5
سادگی,5
ل,5
ف,5
کره,5
میخوای,5
گرونتر,5
نشسته,5
زیادیه,5
هههه,5
خام,5
درمیاد,5
ایی,5
میدارد,5
هاس,5
نخورن,5
نکردند,5
نمیدونن,5
تغییر,5
اندرویدیه,5
مگه,5
فلزه,5
قابلیت,5
دهندس,5
کالاست,5
بکنیم,5
کردنی,5
سیستم,5
جلوش,5
داشتنش,5
سفیده,5
العادن,5
دانید,5
محترمه,5
نویز,5
ریز,5
V20,5
ره,5
نمیشینه,5
اضافه,5
اجتماعی,5
H,5
هه,5
اصلیه,5
میفهمی,5
بزودی,5
هفت,5
نیوفتاده,5
نگرفت,5
دستته,5
300,5
انداختم,5
خودمه,5
باید,5
گوشیت,5
اه,5
ارزید,5
باتریشه,5
هوم,5
برات,5
v,5
خریدتون,5
افزارش,5
ندادن,5
نخریم,5
میگیرند,5
مموری,5
نمیارم,5
کردنه,5
صفر,5
میلرزه,5
کاره,5
کردنش,5
معناست,5
m9,5
خ,5
تازه,5
شو,5
نمیگیرم,5
مدله,5
شیم,5
ندیم,5
همونه,5
تعمیر,5
ایفونه,5
چیش,5
گزاشته,5
گوشیها,5
نمی‌شود,5
نمیبینه,5
مادرم,5
حسینی,5
معتبره,5
نریزید,5
مثبت,5
می‌شد,5
قلب,5
فروشه,5
اصن,5
ببری,5
برگشته,5
دزدیدنش,5
خوام,5
گرافیکی,5
تقلبیه,5
عالیش,5
شدیم,5
بگذاره,5
بذار,5
میاید,5
طلاییش,5
بنویسه,5
ندیدن,4
QHD,4
کلی,4
IOS,4
پیشرفت,4
خریدید,4
مارک,4
برابر,4
اپدیت,4
موتورولا,4
ریخته,4
هرچی,4
موبایله,4
میگردند,4
تایوان,4
امولد,4
پسندیدم,4
زمان,4
اکسترنال,4
میشند,4
ملت,4
فاجعه,4
حسابی,4
بسته,4
مصرف,4
هنره,4
A9,4
جادویی,4
ضعیفتر,4
نوآوریه,4
ایش,4
پسنده,4
نباشند,4
ماژولار,4
ایول,4
اجرا,4
میدادن,4
NFC,4
ادمو,4
برانگیزه,4
دیگ,4
بگو,4
داداش,4
نوت5,4
M9,4
اشتباست,4
بدونین,4
ناشناس,4
نبودنشه,4
طراحیش,4
نرمتره,4
قوته,4
ایر,4
نذاشت,4
میشدم,4
هاشه,4
عالیییی,4
خوشگلیه,4
امتیازه,4
بفهمین,4
بعضیا,4
نمیصرفه,4
digikala,4
یافته,4
بگیریدش,4
متنوع,4
دستت,4
کارمیکنه,4
برندشه,4
اساسی,4
گذاشتی,4
آینده,4
میدونین,4
گذشتم,4
نمیری,4
جداگانه,4
256,4
نو,4
مگاپیکسله,4
اطلاعات,4
نت,4
دلیلی,4
دیدیم,4
پیکسلی,4
قبله,4
ایکس,4
شبیه,4
ارزان,4
دادنه,4
بکنند,4
میدارم,4
نبرید,4
مشکلات,4
کاربریش,4
pro,4
آزاده,4
باکلاس,4
نمیشناسه,4
شیاومی,4
مایکروسافت,4
صفحش,4
خوشگلتره,4
بردارم,4
تمامه,4
ویدئو,4
غبار,4
قابلیته,4
میاری,4
اوری,4
نمیبره,4
سازنده,4
میبرند,4
میخورن,4
امکاناته,4
128,4
نزارید,4
خخ,4
میفهمن,4
گوشیا,4
اینتل,4
پرسرعت,4
گوشیاست,4
اوقات,4
کندی,4
نازکه,4
خلاصه,4
بریزی,4
RAM,4
میریزه,4
اندروید5,4
سری,4
نیوفتاد,4
باتریه,4
مقایسه,4
آمده,4
عمل,4
الکی,4
میترکونه,4
ترتیب,4
کاملا,4
میشینه,4
دقت,4
رسند,4
بپوشونه,4
میافته,4
نمیوفته,4
Z5,4
آی,4
متری,4
نشوند,4
نیامده,4
Believe,4
نشند,4
داشتی,4
بسازن,4
کاش,4
میشنون,4
p9,4
دلخواه,4
کدومه,4
محسوسه,4
میشده,4
اغراق,4
استور,4
موندن,4
میدادید,4
گالری,4
همینجا,4
زند,4
ندیدیم,4
کامپیوتر,4
غباره,4
4c,4
میندازن,4
بخواد,4
تحسینه,4
نرفته,4
باریکه,4
دوستانه,4
می‌باشد,4
انتوتو,4
شکر,4
خوشبختانه,4
شرکته,4
G2,4
جمع,4
بپردازید,4
معقول,4
فوقالعادس,4
پرچمداران,4
ازشون,4
رسمی,4
گرون,4
سرویس,4
بپرسید,4
عملکردش,4
عجیب,4
خوری,4
کارامده,4
خریدی,4
USB,4
android,4
ظرفیت,4
اشغاله,4
سازد,4
برگردم,4
بالاش,4
قسمت,4
داند,4
پلیمری,4
مینداخت,4
خواد,4
نسبت,4
گذاشتند,4
میدارن,4
میچرخه,4
نزد,4
بردارید,4
دیزاین,4
دیتا,4
عالیییه,4
قبولن,4
401,4
V,4
مسخرست,4
خش,4
4جی,4
پایینتر,4
همچنین,4
میدیدم,4
ایناس,4
وی,4
داشتید,4
O,4
مشهد,4
},4
خوردنه,4
میشدند,4
نمیخریدم,4
عملکرد,4
دوستمون,4
تنظیمه,4
مرد,4
راحتتره,4
شیائومی,4
چهار,4
ضعیفیه,4
HTC10,4
مایکروتل,4
جدا,4
سریعتر,4
راهنما,4
بشنوید,4
نیا,4
p,4
اروپا,4
خخخخ,4
میخورم,4
هارد,4
DDR4,4
جعبه,4
میخونه,4
دردسر,4
استایل,4
تاخیر,4
مشهوده,4
دلنشینه,4
نظیریه,4
میماند,4
بکشین,4
زوم,4
پشیمانم,4
موسیقی,4
آدم,4
گیرند,4
سطحه,4
دادیم,4
گرفتید,4
اندروید7,4
s,4
نواز,4
بفرستید,4
کلید,4
تردید,4
sony,4
مدلش,4
ادج,4
بهترشه,4
فنی,4
دستگاهه,4
بریزم,4
اندروید4,4
میبینی,4
مشترکه,4
ارزونتر,4
آمپری,4
ناموجود,4
مطلوبه,4
انصافیه,4
قدرتمندیه,4
زیباتره,4
دلایل,4
پول,4
خوبع,4
آبی,4
درصورتی,4
میارین,4
گردید,4
نمیزد,4
عاااااااالیه,4
بنداز,4
اپتیکال,4
سر,4
میگفتن,4
عالیع,4
اینترنتی,4
میگذره,4
نزنین,4
متشکر,4
بیشترن,4
مجدد,4
جیه,4
نگذاشته,4
تاحالا,4
مزیته,4
بپردازم,4
میداشتم,4
مینویسه,4
میپره,4
عااالی,4
تست,4
ووو,4
حدی,4
گوشیرو,4
میبرد,4
نمایم,4
نمیخورین,4
قشنگ,4
g8,4
میطلبه,4
آخرشه,4
برندی,4
دهنده,4
اشتباهن,4
طوره,4
دهم,4
میشع,4
قوتشه,4
ترینه,4
واستون,4
g3,4
مشکیش,4
برعکس,4
ابدا,4
میخواید,4
100,4
نگهدار,4
رزولوشن,4
عاله,4
فوقالعادست,4
بذاریم,4
کوچک,4
جزیی,4
جدیده,4
عزیزی,4
f1,4
ببینند,4
نموده,4
اورجینال,4
بمانید,4
برداریش,4
95,4
ips,3
بیافته,3
نمیارید,3
f2,3
پیکسله,3
شکیله,3
G4,3
a,3
بخواهید,3
ذاره,3
کشور,3
بازیه,3
شرایطی,3
چک,3
PLUS,3
2G,3
همچنان,3
دسکتاپ,3
هنگه,3
کیه,3
اوردن,3
بیارش,3
ماته,3
بالاخره,3
دل,3
تبلیغاتیه,3
400,3
نمیگرفتم,3
ئه,3
میخرنش,3
خوبین,3
فوری,3
زنند,3
720p,3
خواهش,3
واقعیش,3
بدونن,3
نیاین,3
زیادن,3
میخواهند,3
قدرتش,3
نمیخرن,3
رقباست,3
میدرخشه,3
عجب,3
حرف,3
ایسوز,3
خخخخخ,3
خدااااا,3
بخرنش,3
گرد,3
انهاست,3
بگذارد,3
لامصب,3
میچربه,3
پایینش,3
مجزا,3
بینی,3
بفهمه,3
معنی,3
خری,3
پاسختون,3
انداز,3
رقابته,3
اعتماده,3
او,3
نظامی,3
k,3
سرعتش,3
سیمکارته,3
موارد,3
بندازم,3
‌‌,3
گاهی,3
شرکتیه,3
متنفرم,3
خداس,3
واقعاً,3
نمیمونید,3
پیشنهاد,3
میگما,3
تصور,3
میانرده,3
دودلم,3
دراومد,3
الکترونیکی,3
مک,3
نیارم,3
بزاریم,3
بزگیه,3
رام,3
مورده,3
برسید,3
معایبش,3
Samsung,3
بگی,3
نیوفته,3
بدونیم,3
انتخابش,3
لایته,3
بمونم,3
گزینه,3
دهیم,3
بروید,3
شهر,3
زدید,3
بیارتش,3
میکرو,3
مفید,3
کوچیکتره,3
میسازن,3
اومدنش,3
هیچه,3
راهه,3
کنارش,3
عقبه,3
samsung,3
جزئی,3
باکیفیته,3
گیرم,3
نمیشوید,3
com,3
میدانم,3
بیایید,3
فرده,3
عالیههه,3
کارامد,3
پریده,3
زیباییش,3
نمیکنیم,3
a9,3
وایرلس,3
بمونید,3
مره,3
ابه,3
همون,3
عکسبرداری,3
میبری,3
میکردیم,3
میرسن,3
بترکونه,3
ظریف,3
مهر,3
انداختن,3
نمیدهد,3
نترسید,3
128GB,3
دراگون,3
درنمیاد,3
منده,3
دوتایی,3
میدند,3
اندرویید,3
خارجه,3
moto,3
اونا,3
می‌آورد,3
افزاره,3
استثناییه,3
بالای,3
فروشنده,3
نصیحت,3
افتد,3
بیابید,3
wanted,3
استخر,3
کارآمده,3
جدیدتر,3
2014,3
41,3
86,3
کافیست,3
AMOLED,3
عاالیه,3
بخشیده,3
داشتمش,3
تشکرمیکنم,3
هواووی,3
شاهکار,3
هوواوی,3
داشتیم,3
نمیزنم,3
بحال,3
vegas,3
عالیهههه,3
استفادس,3
صبح,3
نظریه,3
کوتاه,3
کلاسیک,3
خوشدستیه,3
خوبیست,3
نذاشتم,3
XZ,3
عااااالی,3
میزنید,3
405,3
مگابایته,3
پسند,3
ONE,3
نیافته,3
الرحیم,3
استایلوس,3
روزیه,3
P9,3
نرسید,3
پایان,3
مگا,3
میلیمتر,3
میگذارم,3
انتن,3
لاکچریه,3
شستمش,3
مچکرم,3
بعدش,3
باگ,3
نمیارن,3
بگذرید,3
توپیه,3
Z2,3
قلمش,3
رایگان,3
خوددانید,3
رنگه,3
تلویزیون,3
نگفتم,3
کاریه,3
پردازشگر,3
طولانیه,3
رود,3
خورید,3
بالایی,3
htc10,3
برعکسه,3
باحالیه,3
ایست,3
روزانه,3
L01,3
میگردم,3
یکبار,3
دومش,3
درآوردم,3
مانند,3
نیم,3
نمیچسبه,3
جوابه,3
s8,3
گیرن,3
میترسم,3
تخفیف,3
می‌کرد,3
پوشونه,3
برخوردم,3
نباشی,3
نبودیم,3
بهینه,3
شدت,3
میگذاره,3
کنده,3
اگه,3
نگاهتون,3
یعنی,3
طولانی,3
فایده,3
IPS,3
فرض,3
برداشتم,3
اندازد,3
محکم,3
prime,3
نمیدین,3
گرافیکه,3
خلاقیت,3
میگفتم,3
مهشره,3
کاشتی,3
نذار,3
سنس,3
نرمه,3
تهران,3
مسخرش,3
نیاز,3
سبکتره,3
میگید,3
ایشون,3
سلفیه,3
فناوری,3
ایا,3
همتا,3
اپ,3
تنها,3
نزدیک,3
مشکله,3
وایسه,3
میگردد,3
نکسوسه,3
اوره,3
پرو,3
فروخت,3
معروف,3
فوکوس,3
بنویسن,3
واویلا,3
کتید,3
نمیگذاره,3
روتوش,3
کنونه,3
وعالی,3
نگیرن,3
قبلش,3
طوریه,3
swipe,3
حذف,3
هرگز,3
خووبه,3
خودشو,3
العادش,3
جی4,3
کرد‌,3
نمونده,3
نیارید,3
وخوب,3
نوت4,3
راسته,3
اینجورین,3
لیزری,3
Sony,3
شون,3
نمیرسد,3
بگیرینش,3
بازه,3
عاملش,3
اضافیه,3
بگذرم,3
صداست,3
ارتقاست,3
بهبود,3
بخورین,3
رسانی,3
عالییییییی,3
نیست‌,3
بودید,3
نمونیم,3
ضروری,3
گذاره,3
بفهمی,3
xl,3
قبلیه,3
کاربریشه,3
ر,3
گوشیست,3
نمیکشه,3
دستتونه,3
نکشید,3
عجیبیه,3
میکشد,3
نشدنیه,3
جانبیشه,3
اینطورین,3
ناصری,3
وجود,3
مخصوصا,3
بشنوی,3
آل,3
میذارید,3
سون,3
عنوان,3
میشدن,3
برگردوند,3
5اس,3
مثبتاتون,3
بیخیال,3
عامله,3
CPU,3
پرچمداری,3
نمیبرید,3
بهت,3
سالمه,3
راجبش,3
دیگشه,3
میشناسن,3
بست,3
بریزین,3
جعبش,3
نذاشتن,3
کیفیتن,3
داستان,3
نگیریم,3
سلیقه,3
دونه,3
طرفدار,3
نامعتبر,3
نمیبینیم,3
خارج,3
نوشتید,3
مرددم,3
گوشیهاست,3
کسایی,3
روونیه,3
امنیته,3
نگفتن,3
زنده,3
کانفیگ,3
نمیپوشونه,3
ببین,3
علیه,3
خاصی,3
میادش,3
الجیه,3
آوری,3
گرفتین,3
دیوار,3
برتر,3
خدافظ,3
»,3
بردارن,3
سبکی,3
راحتیه,3
برسن,3
عالییییه,3
مزخرفه,3
نمایند,3
gtav,3
نخریدمش,3
شاخه,3
هیولاست,3
اشتباهیه,3
دیجیتال,3
37,3
موبایلش,3
نامعقوله,3
اشتباهی,3
صادقه,3
بیافتد,3
ترابایت,3
میگیرین,3
lg,3
کارا,3
نگذرید,3
جیبتون,3
اینچه,3
سفته,3
nfc,3
تکمیله,3
جذابیه,3
بکشی,3
ببریم,3
رفقا,3
شدش,3
فکر,3
ال,3
برسونید,3
SE,3
نگیری,3
گفتید,3
دیدید,3
میخونم,3
غلطه,3
چسبه,3
display,3
نمیزنن,3
22,3
میگین,3
وحشتناک,3
تمومیه,3
راحتم,3
متر,3
ببندم,3
جداست,3
نباشم,3
کپی,3
نکنیدش,3
روون,3
بسازم,3
می‌رود,3
لحظه,3
ستایشه,3
4K,3
مشکلش,3
تصویری,3
کردمش,3
شخصیمه,3
نیستیم,3
برسیم,3
خالص,3
میکردین,3
پد,3
بکوبه,3
ضعفشه,3
80,3
خودشون,3
برندهاست,3
سوخته,3
میشنویم,3
نکردنی,3
رادیو,3
بخشد,3
میزنند,3
قوه,3
موفقیت,3
آفتاب,3
نسبتا,3
لپتاپه,3
z3,3
لطفااااا,3
اقایون,3
خدمات,3
منو,3
انگشتش,3
جور,3
خوند,3
میدیدیم,3
جوری,3
شکسته,3
امروزه,3
بفهمید,3
عالیییییه,3
ایراده,3
گفتند,3
افرادی,3
i5,3
مسخرس,3
ناب,3
عالیییییییی,3
امساله,3
نذارید,3
لبتاب,3
انگلیسیه,3
خریدند,3
Phone,3
دیروز,3
مجموع,3
توفیق,3
طبیعت,3
اد,3
نبینه,3
امکاناتی,3
میزنمش,3
بریزید,3
شیکتره,3
میاریم,3
store,3
احترامه,3
بگذاریم,3
2k,3
عالییییییییی,3
شدنه,3
اسونه,3
فروشی,3
رساند,3
بیان,3
معرفی,3
مدلی,3
ببیند,3
گیمینگ,3
19,3
برق,3
شدس,3
ژیروسکوپ,3
مسعودی,3
زدی,3
روونیش,3
عید,3
یکنواختی,3
نماییم,2
مدادی,2
موندین,2
میبریم,2
حده,2
می‌رسد,2
نمونم,2
تفکر,2
نمیریزید,2
طلائیه,2
کارتش,2
صورتیه,2
تیغ,2
اونو,2
میدادند,2
میماله,2
بنچمارکه,2
پرچمدارا,2
بودی,2
فردش,2
شده‌,2
ند,2
گیمرها,2
NVIDIA,2
تک,2
PhoneArena,2
2700,2
بیفتن,2
vga,2
اونوقت,2
960m,2
بهتریناست,2
میخوندم,2
می‌رسید,2
نسیت,2
راستی,2
Premium,2
باسونی,2
نقاطی,2
نمیندازه,2
قدرتمندشه,2
گوشه,2
محبوبه,2
میکرده,2
بزنند,2
intel,2
ندیدید,2
معناس,2
نگهمیداره,2
خریدشم,2
بخونی,2
سخت,2
بیاریش,2
میشناسه,2
باشنش,2
بگیرنش,2
دانم,2
ایرادی,2
پرت,2
اینجوری,2
افزون,2
میزارید,2
روت,2
میبینین,2
گرفتند,2
خرابی,2
نمیبندم,2
ننداختم,2
جوراییه,2
بشنون,2
ترند,2
Plus,2
اطلاع,2
میرفتم,2
دنبال,2
نشی,2
5500,2
مناسبتر,2
نکسوسم,2
آزاد,2
خشه,2
حرفه,2
Apple,2
شرقی,2
دوستانم,2
بودجه,2
آوردی,2
بیسیم,2
واید,2
سادست,2
خاطر,2
Note5,2
آنهاست,2
ارزونه,2
جذابیت,2
وقویترشده,2
ناپذیر,2
نمیدونین,2
لقه,2
گردم,2
بخورم,2
زاره,2
پیوست,2
نگین,2
تونه,2
اندروئیده,2
درگیرم,2
همتاست,2
اینستاگرام,2
اییه,2
دیدی,2
تبلیغ,2
امید,2
3GHz,2
8GHz,2
نمیدازه,2
روزا,2
دربین,2
بی‌نظیره,2
دوما,2
s7هست,2
بارز,2
ننوشتم,2
جوابگوست,2
محافظ,2
نبیند,2
شکله,2
راموجودکنید,2
آشغاله,2
رقیباش,2
باشدی,2
نیاوردم,2
عدده,2
8GB,2
حاظر,2
اینهاست,2
سروره,2
شاهکاریه,2
فلاش,2
ریست,2
msi,2
الکترونیکیه,2
ذره,2
edgeهست,2
تومنه,2
816,2
براق,2
برمیومد,2
تعمیرات,2
مزایاش,2
میلیونیه,2
محصوله,2
3پرو,2
نگرفتی,2
میخونن,2
نکشه,2
e7,2
ببنده,2
داغی,2
جو,2
نزار,2
نروند,2
خودتی,2
روشنایی,2
نداش,2
حاجی,2
میترکه,2
واقعیت,2
تحملش,2
سطح,2
connection,2
K8,2
خوندش,2
بهتربود,2
توی,2
دوش,2
0داره,2
اثر,2
باخته,2
فردیه,2
عایه,2
ضروریه,2
عاااااااااالی,2
نمیشنوم,2
سلامتی,2
ازنظرمن,2
سفیدشو,2
باطریه,2
بااین,2
کرمی,2
دلایلی,2
مامانم,2
2800,2
هوشمنده,2
روموجودکنین,2
زشت,2
بدجور,2
J7,2
خاک,2
a7,2
مریزاد,2
بندی：,2
نریختم,2
مشگل,2
راهنماییتون,2
حافظ,2
توروخدا,2
بازیها,2
n552vw,2
اعلانات,2
می‌دهد,2
مصرفه,2
بریزند,2
more,2
یهو,2
مخصوص,2
America,2
13داره,2
1020,2
پردازندشونو,2
حامدی,2
اسپندراگونه,2
یافتس,2
نانو,2
آک,2
نمیخونه,2
واجبه,2
کیفیتی,2
اوردى,2
مردیه,2
بخریش,2
پذیرفت,2
طرفانه,2
نگفتی,2
میخوانش,2
نظرش,2
متفاوتند,2
MP,2
مگاپیکسلیه,2
حوبه,2
وغیره,2
آسه,2
انشگت,2
اس5,2
Power,2
شارژرش,2
ویزه,2
رنگشو,2
بفهمم,2
دیکس,2
خاکستریش,2
نسبیه,2
huawei,2
134600,2
GPU,2
لوکسه,2
درضمن,2
عنبیه,2
sa,2
فایو,2
پنج,2
سایتتون,2
gr3,2
کاملش,2
رنگن,2
برسین,2
می‌خوری,2
93,2
بخصوصRamش,2
نخرینش,2
جلوش1,2
کارکردن,2
لنز,2
گرده,2
ابی,2
بلده,2
گیگاهرتز,2
settings,2
رسوندن,2
آنر,2
آنلایک,2
حاله,2
اینده,2
B,2
1100,2
میزننش,2
میلیونه,2
حساس,2
درجه,2
کارخانه,2
میتونم,2
مدلاش,2
ترکیه,2
هارو,2
برندست,2
ناراضی,2
htc10=100,2
موس,2
طلا,2
نخره,2
برمیداره,2
عایا,2
یوزر,2
نویسی,2
قیافه,2
بخورد,2
شیکیه,2
نبودنه,2
ایفون6,2
G3,2
گولد,2
هاتون,2
ایفون7,2
خالی,2
بهترشد,2
امکان,2
تریه,2
گنگه,2
صوت,2
حجم,2
2جی,2
ردیف,2
زحمت,2
دارم‌,2
بخشید,2
زیادی,2
بکوبن,2
اسپیکره,2
سایته,2
htc10=95,2
الادس,2
محدودیت,2
تخصصی,2
عاالی,2
متعصبانه,2
ارادتمند,2
میسوخت,2
تلویزیونه,2
نوت7,2
شویم,2
ماتش,2
ویدیو4k,2
رضایی,2
دربیاد,2
12مگاپیکسلی,2
بیشترین,2
ز,2
سایه,2
داستانه,2
مینویسن,2
نمیارین,2
نخوردیم,2
گری,2
hq,2
شرکتا,2
پرچمدارها,2
نمیگین,2
ابد,2
نظیرش,2
رنگشه,2
زیباترین,2
ضغیفه,2
بگردی,2
Sim,2
مشخص,2
حدیه,2
خدمتتون,2
قبلیا,2
نبره,2
پابرجاست,2
وقتتون,2
میگذاشتن,2
تکنولوژیه,2
بودا,2
محکمیه,2
دادی,2
زیباییشه,2
وااای,2
نقدتون,2
نقسه,2
یابد,2
دستگاست,2
150,2
ضدآب,2
میخوریم,2
نداشتی,2
TIME,2
نمیدونستم,2
سالاری,2
بدبختی,2
گیگابایته,2
1080,2
لرزشگیره,2
اخیر,2
لوکس,2
وسریع,2
S,2
بپذیریم,2
اوورد,2
LTE,2
مچکریم,2
افراد,2
مدرن,2
رابط,2
ووووو,2
عاااااالیه,2
عالیههههه,2
ایم,2
درگیره,2
کارخونس,2
سازی,2
عکسها,2
ساختش,2
جامعه,2
جایی,2
سوم,2
فرم,2
حتمابخرید,2
950,2
عکسه,2
25,2
مسی,2
v2,2
G,2
درصده,2
رسیدن,2
یکپارچه,2
دوسیمکارت,2
بلایکه,2
رقیبن,2
تاره,2
اولیه,2
الله,2
بلرزه,2
مخالفم,2
احتمالی,2
مشهوره,2
حداکثر,2
رطوبت,2
نگیرین,2
نمیگذارد,2
کلاااا,2
نباش,2
درست,2
87,2
بپردازن,2
a3,2
نبست,2
العادهه,2
میکشند,2
جوب,2
خواهدبود,2
قابلیتها,2
pixel,2
متره,2
تلکام,2
GB,2
مارشملو,2
گزاشتن,2
آورید,2
چیزها,2
A3,2
میپرسه,2
combat,2
پلی,2
نانومتریه,2
میخان,2
پسندن,2
‌‌‌,2
پوشاند,2
یکساله,2
limit,2
حمله,2
وان,2
‌‌‌‌,2
بزرگو,2
العادهست,2
میگرفتمش,2
بچسبه,2
نیاید,2
میکردند,2
مسایل,2
باد,2
معذرت,2
نمیشیم,2
تایوانی,2
بکشیم,2
c7,2
میرسی,2
بشینه,2
گلکسی,2
ذوقتون,2
جلوتر,2
مفصله,2
گزارم,2
برنمیداره,2
امدیه,2
الادست,2
میبخشد,2
بودمش,2
نزاشتی,2
دوسشدارم,2
انقدر,2
بسه,2
بفرد,2
صورت,2
بیادش,2
نمیخرمش,2
کاربردیست,2
بدبد,2
m,2
لایت,2
ios10,2
S4,2
arena,2
مصنوعیه,2
glass,2
نشکنه,2
میفهمم,2
کوالکام,2
معقوله,2
اطمینانه,2
پرستیژ,2
رمضان,2
توربو,2
جدیدتره,2
همش,2
تبلیغاته,2
زاست,2
gb,2
مزیت,2
عالیند,2
نکردی,2
نایابه,2
حالت,2
یجورایی,2
پیدامیشه,2
پشتیبانی,2
رمز,2
جایگذاری,2
50,2
هونور,2
دوستم,2
می‌خرم,2
لبتاپ,2
فک,2
اتاق,2
تقلیدی,2
جوابتون,2
کاشت,2
میدیدید,2
DIGIKALA,2
مناسبی,2
تاسیس,2
شغلم,2
پرسرعته,2
mate,2
پیشنهاده,2
اشغال,2
نازک,2
عقبی,2
زنم,2
منوهاش,2
خربدم,2
دانشجویی,2
میگرم,2
سفارشم,2
دریا,2
اسه,2
قیمتن,2
نواوری,2
dslr,2
امسال,2
زدنی,2
حریف,2
سبکتر,2
نزاره,2
پلمپ,2
جک3,2
خداست,2
unlock,2
عالبه,2
دوستت,2
گیگابایتی,2
Z,2
جک,2
کشوری,2
SAMSUNG,2
گرفتش,2
منصوری,2
پونصد,2
وی20,2
دستشه,2
لکی,2
امن,2
2g,2
مکانی,2
82,2
نمیبینی,2
گرام,2
نگردید,2
سیستمی,2
گوشیی,2
آسمونه,2
بخور,2
آیفون7,2
خودمم,2
داشتین,2
LIKE,2
برسونن,2
عامه,2
انسان,2
j,2
سواله,2
اینترنتش,2
1070,2
خوووبه,2
سریعش,2
پرداخت,2
تومنی,2
بچرخونیم,2
خانوادم,2
میشناسم,2
متمایزه,2
برداشته,2
سهامدارش,2
متشکریم,2
میفهمین,2
1بود,2
موافقید,2
هیبریدی,2
منیجر,2
کوچکتره,2
y6,2
نشناخت,2
سیور,2
برسونم,2
کردم‌,2
قبلیش,2
فرستادم,2
Z3,2
charge,2
شارژبشه,2
صرفس,2
میافتد,2
گو,2
اونجا,2
شفافه,2
نیمده,2
ازت,2
شارپ,2
انتخابتون,2
همینطورن,2
براقش,2
ننویسید,2
مشتریاشه,2
انشاا,2
خواستم,2
ایرادات,2
صداس,2
میباشه,2
نندازید,2
آلیه,2
بپرسین,2
زاویه,2
Graphics,2
دونستم,2
ناچیز,2
ننمودم,2
هااااا,2
مشکیشو,2
در0,2
ابعاد,2
یاشین,2
میخواهم,2
نیومدم,2
مناسبش,2
اشه,2
مدیا,2
بزند,2
TOUCH,2
آنتن,2
سالم,2
هرچند,2
هادیان,2
مشتریان,2
سیمه,2
2016هست,2
امیری,2
اپلم,2
ultraدارم,2
فروختن,2
گوشیاشون,2
خوشاینده,2
TSMC,2
انشاالله,2
آره,2
قدیم,2
فیلمبرداریش,2
حل,2
گذاشتینش,2
بشوند,2
L21,2
نبودند,2
مطلوبیه,2
512,2
g6,2
SIM,2
انگیزش,2
بیصدا,2
انشالله,2
چراغ,2
لدفا,2
5c,2
نسخه,2
بزرگواران,2
نمیشنوید,2
بیاریدش,2
K10,2
sd,2
شاهکارن,2
focus,2
خورشید,2
کام,2
تاریخه,2
تش,2
منزل,2
arkamys,2
داغه,2
بهتریناس,2
نخوردید,2
hdr,2
قهوای,2
بجنب,2
سختیه,2
نمیاری,2
تلخه,2
مفیدی,2
اعتدال,2
ندیدی,2
نمودید,2
خدااا,2
عااااااالی,2
ایرانسل,2
میش,2
نمیگیرد,2
نگردین,2
لیزه,2
بیارتون,2
عجبم,2
ای1,2
پاینش,2
احمقانست,2
ابرومنده,2
برتریه,2
چقده,2
خریدخوب,2
نمیرسید,2
سیاه,2
میبخشه,2
ze550kl,2
1520,2
MHL,2
دروود,2
المپیک,2
اونورش,2
جمعه,2
ایمیل,2
قطع,2
بدون,2
نمیفهمی,2
s5,2
نشنیدم,2
واسشون,2
تحمله,2
بوقه,2
ردست,2
میکشتت,2
التوفیق,2
میگذارند,2
آسانتر,2
برای,2
آیکون,2
ندازه,2
بردند,2
21,2
عکسارو,2
ارتباطی,2
جست,2
پولیه,2
قبیل,2
کرمانشاه,2
زیباشه,2
نرسیدن,2
touch,2
Pro,2
سبکیش,2
حسگر,2
اهمیته,2
وصله,2
99,2
30,2
فایدس,2
کارکنی,2
بالاییه,2
کوووو,2
عریض,2
شکی,2
دوربیناش,2
اعلانه,2
اسنپدراگون,2
هیولا,2
k10,2
دسترس,2
ینه,2
کارکرد,2
کردنند,2
اصفهان,2
عربیه,2
صبرتون,2
کاربریه,2
بلوتوث,2
یدک,2
ویبره,2
بامزه,2
ram,2
سنجید,2
چقدر,2
ROM,2
دراپ,2
اوردی,2
زحماتتون,2
art,2
smile,2
بالاااااااا,2
دستش,2
دوست,2
ید,2
دانی,2
میفرسته,2
بخوریم,2
سپاسگذارم,2
shoot,2
نمیتونن,2
نگذاشتم,2
دیجیکالایی,2
مشاهده,2
بدند,2
کنییید,2
asus,2
میزدن,2
بخوانید,2
عه,2
میرسوند,2
لطفتون,2
پارسال,2
TFT,2
برندش,2
کارتن,2
فارسیه,2
استاندارد,2
عظیمی,2
LCD,2
نوآوری,2
نمیخرید,2
وضوح,2
باشمش,2
قیمتیه,2
عاشقتم,2
MHz,2
و2,2
هماهنگ,2
بذاریدش,2
410,2
v4,2
استثنائیه,2
منم,2
وزنش,2
6700HQ,2
ضعفاشه,2
L11,2
بنویس,2
سایزه,2
پلیر,2
فرمائید,2
امتیازات,2
ببینمش,2
هلو,2
وبهتره,2
فور,2
صدایی,2
ترشدن,2
2017هستش,2
نمی‌کنند,2
بکن,2
نمیبینیش,2
اسفالت,2
میدهید,2
خودته,2
واقعیته,2
فرستاده,2
مشخصاتشو,2
توپ,2
میت8,2
Commander,2
منتظریمااااا,2
اندازیه,2
صفحه5,2
گذارد,2
نشوید,2
میخندن,2
ناقصه,2
دارد‌,2
810,2
کامپکت,2
معمول,2
compact,2
تعجبه,2
motion,2
گشت,2
نسبتی,2
نمیگی,2
اشتباهید,2
فراوون,2
بازا,2
نمیزدیم,2
نبردم,2
پرید,2
مگاهرتزه,2
4gهستش,2
نقض,2
میفتاد,2
نکیند,2
دانند,2
سونیم,2
آورند,2
آپشنش,2
نام,2
پردازشی,2
گرما,2
خواهشن,2
fps,2
پردازندش,2
نمیزارین,2
بفرمایند,2
b,2
نچرخه,2
شرطی,2
ریزی,2
call,2
اتاقه,2
هدست,2
دیگریست,2
بابام,2
GPS,2
میکردید,2
یکسان,2
مناطق,2
برود,2
سریر,2
leon,2
2450,2
رم2,2
بودخریدم,2
دیجیتالی,2
بردن,2
برنخوردم,2
ناکارآمد,2
نکینید,2
طراحیشه,2
محدوده,2
میگذارد,2
مرسیییی,2
هدیه,2
Selfie,2
مداری,2
باخودتونه,2
محشریه,2
درسه,2
مداره,2
phonearena,2
هستش…,2
500,2
بگردید,2
فرمودند,2
پیام,2
واو,2
پیداست,2
2013,2
بم,2
میشناسین,2
صرفه‌ست,2
جهات,2
نوکیاست,2
لذت,2
اینجوره,2
استندبای,2
حدودی,2
پشیمونه,2
مناسبتره,2
پرمیوم,2
میدام,2
گرفتنش,2
شی,2
ق,2
وقت,2
هدایا,2
محرومند,2
تنظیم,2
23,2
فورجیه,2
ظیره,2
چیزیه,2
بیامرزه,2
نازنین,2
برو,2
کسانیست,2
دلم,2
کِرَش,2
جنسن,2
میترکوند,2
هیت,2
میافت,2
806,2
تونن,2
گزاشتنتون,2
نژاد,2
سازگار,2
مفیدتون,2
حقیقته,2
بهرمنده,2
داخل,2
عالى,2
تحویل,2
تجربه,2
کشیده,2
نندازن,2
طرفید,2
سبکیه,2
اَس,2
بسازید,2
بلند,2
زیا,2
خوندی,2
پشیمون,2
آندرویدی,2
checkcoverage,2
مایلید,2
نزنن,2
سیمش,2
قدرته,2
نکین,2
بدونه,2
نمی‌کنم,2
ساسونگ,2
خواست,2
کمپانی,2
سراغش,2
نداشتید,2
فرمایند,2
نوشتین,2
اوردش,2
اگزینوس,2
آرنا,2
بریزیم,2
نامید,2
برسانم,2
قیمتاش,2
فسیل,2
فراوونه,2
ارزش,2
چیپ,2
افزاریشه,2
دزدیدن,2
گزاشتین,2
دیت,2
باشماست,2
خیلیییی,2
خودمون,2
انجام,2
دوام,2
گرمه,2
220,2
اتومات,2
فبلت,2
نمیدی,2
راضی‌ام,2
وبدداره,2
رم3,2
بنز,2
کجایی,2
هستندو,2
pay,2
ندهند,2
کلاسی,2
طرفی,2
برخوردارند,2
چیزایی,2
apple,2
P8,2
میگرد,2
جا,2
داغون,2
گوشى,2
کنترل,2
بخندم,2
max,2
88,2
تعطیل,2
6S,2
ممنونیم,2
جاست,2
مدرنه,2
کدومش,2
گذارند,2
هنزفری,2
KEYONE,2
5‌,2
دارنش,2
براقه,2
موجودکن,2
بعله,2
بازبمونه,2
pdf,2
ضعیفش,2
دهیش,2
نمونه,2
57,2
خوشدست,2
تلفن,2
دیوایس,2
مجانی,2
گارده,2
طراحیه,2
اره,2
ضعفی,2
صورته,2
نیستین,2
روی,2
n,2
حرکت,2
gps,2
محدودیتی,2
یون,2
نمی‌کنید,2
نظرموو,2
اعتماد,2
نگذریم,2
کلمه,2
رویال,2
رقابتیشونه,2
156091,2
کشی,2
بمونن,2
اولشه,2
پی,2
واسه,2
نخور,2
نمیخوام,2
P,2
میسپارم,2
ردیفه,2
دادند,2
تایپ,2
سامسنگ,2
خوبتره,2
آسان,2
نمایششه,2
کارگران,2
آسونه,2
هردو,2
ندادین,2
برمیدارم,2
نزاشتن,2
ایفونو,2
G8,2
یاشه,2
نوری,2
ذوق,2
باکیفیتیه,2
لااااایک,2
شده3600,2
تغییربدین,2
نمیشوند,2
انواع,2
نمیخوایی,2
5اینچی,2
بهشون,2
وکیلی,2
رفتیم,2
ظرافت,2
بیرونه,2
نظرمو,2
می‌شوند,2
اندازید,2
لیز,2
کرده‌اند,2
زندگی,2
مسافرت,2
رنگی,2
طرف,2
مضخرفیه,2
میشدید,2
نامردیه,2
میگیم,2
هدایاش,2
p8lite,2
کله,2
لمسش,2
ارزشه,2
مستحکم,2
نظرات,2
هست‌,2
بیگدلی,2
می‌دم,2
منفیه,2
ردس,2
خردیدم,2
اسفالت8,2
خروجیش,2
اپلی,2
کاربران,2
otgنداره,2
y5070,2
جمله,2
افزاریش,2
بگذرونید,2
3646633,2
غریبه,2
بیای,2
play,2
نهایت,2
بخرندش,2
داست,2
دوامه,2
دوتا,2
خودتون‌,2
میزو,2
همشونه,2
ندیدین,2
تفاوت,2
نذارن,2
بشنویم,2
طرحش,2
لینک,2
لالیگا,2
رقابتیه,2
نسخه2,2
میگردی,2
نموند,2
اینان,2
نترز,2
عاملی,2
حالیه,2
بارزشونه,2
عیاره,2
تخت,2
رایتل,2
سریعترینه,1
فلزیا,1
مونتاژ,1
باحساسیت4,1
سامسونگj5,1
باحساسیت12,1
89,1
mark,1
continuum,1
s7=85,1
sleep,1
سیزده,1
میرسوندم,1
مینوسیم,1
روخریدم,1
nfsنداره,1
کیبوردشه,1
دربارش,1
htc10=75,1
انصافن,1
اینارو,1
بعدى,1
1800لایته,1
85,1
رقابتی,1
Lumia,1
میار,1
pixle,1
بگذارند,1
تونین,1
ابدأ,1
عبث,1
لاین,1
جی5بخرید,1
ac,1
شارش,1
گنی,1
3جی,1
علادین,1
به2,1
g5=100,1
خصوصا4k,1
رایگانن,1
متنوعه,1
بلندی,1
هدفونش,1
و‌‌‌,1
تاج,1
ادعاست,1
265میخوام,1
وجهه,1
bank,1
افتش,1
دیجیکال,1
4باشه,1
میاردتون,1
بهترشده,1
نترسند,1
up,1
تحریمه,1
میزدمش,1
فشاریه,1
ریسکه,1
باکیفیتی,1
دارانه,1
العادیت,1
شامپایینی,1
ترسناکه,1
اعتمادی,1
usb114,1
میشنوی,1
good,1
اوه,1
z4,1
7‌,1
y6pro,1
9مگاپیکسل,1
ج,1
90,1
پرایمشوبگیرین,1
ملایمه,1
دارهه,1
بخود,1
بدههههه,1
فوتبال,1
نصبیدم,1
خواب,1
نشستی,1
گیراورد,1
ازاد,1
ادرنو,1
هدفمنده,1
برندموتورولاروخریده,1
میخواهید,1
نفر,1
لومیا950,1
گرماست,1
یغور,1
نرسیدم,1
وحشتناکه,1
نمیدادی,1
بفروشیش,1
821,1
اجسام,1
فهمم,1
موتورولاروخریده,1
مجزاس,1
یونی,1
وسوخت,1
نرافزار,1
خوشقیمت,1
می‌یابد,1
عمیق‌نیستن,1
شذه,1
ذینفعن,1
تعریفه,1
داشن,1
جنس,1
8سامسونگ,1
مشهریه,1
نمیپسندم,1
ress,1
عاشقشونم,1
htcdev,1
ارزونترن,1
منطقیست,1
میپرسم,1
بخصوص,1
بپردازیم,1
ارتروز,1
بازارِ,1
بدهم,1
کنسن,1
تخصصشه,1
4سی,1
پریمیر,1
ورند,1
3dmax,1
HTC✔,1
رو0باشه,1
نیار,1
تبلیغاتش,1
مسلمه,1
a5و,1
نمیپره,1
اولی,1
میلیمتری,1
داه,1
lgk10,1
عاااااااااااالیه,1
تفریح,1
شلوار,1
بندازینش,1
throttling,1
خیلیییییی,1
6splus,1
سدام,1
تن,1
میترسیدم,1
یکطرف,1
چشید,1
بصرفه,1
64g,1
gaming,1
بر‌میداره,1
میلی,1
مغازه,1
نوپاست,1
g4ــه,1
otgهست,1
داشم,1
کاربراتون,1
بهاش,1
همراهه,1
پلاسه,1
بودت,1
اچدیه,1
نمی‌آید,1
چیزتمام,1
بینیه,1
بفرده,1
آیفونها,1
=,1
نبینم,1
مدلy6proهست,1
5مگاپیکسله,1
30دقیقه40درصد,1
😂😂😂,1
ماجرا,1
افزاراش,1
4ه,1
تجملات,1
صد,1
همینجوری,1
جونتان,1
نذاشته‌,1
اینصورته,1
ضررنمیکنید,1
Dash,1
سرعتی,1
میفتیم,1
PC,1
معموله,1
آسفالت8وn,1
فورجی,1
42000آورد,1
زنگ,1
الاده,1
قبولهِ,1
34000,1
واع,1
بفروشیم,1
ایشالا,1
جوریاس,1
دند,1
اووردی,1
ننمایید,1
طرفداری,1
s7بالاتره,1
میتونه,1
mkx,1
سکیوریتی,1
معتبریه,1
ارزومه,1
اوووووففففففف,1
بهترمیشه,1
هاردو,1
ضخامت,1
میپیچونن,1
کاربراست,1
میپسندند,1
روح,1
موتورولاس,1
قرارمیده,1
78,1
بیتیه,1
شناختی,1
موجهیه,1
غلط,1
خوریم,1
پیروزباشید,1
اوکی,1
نخراشیدست,1
ocean,1
لولند,1
شاهکارکرد,1
قیمتشون,1
Backlight,1
میله,1
j7بهتره,1
تیوب,1
هیولاااااااااا,1
برندم,1
دزدینش,1
میدادمش,1
وبرندمعتبر,1
جزاب,1
p8lite1,1
4000,1
MGX72,1
وکیفیت,1
فروختمشون,1
قویترن,1
روند,1
بقییه,1
موردونزده,1
میآوردند,1
موزیکم,1
ضفش,1
شنویم,1
فتوشاپ,1
هموطنانم,1
گیتار,1
تازست,1
ابری,1
تاچشه,1
تروم,1
نوبت,1
خواهشاااااا,1
نمایگشر,1
فرکانس1,1
دیبا,1
کرقیمت,1
حسگنر,1
یدونه,1
نخوندین,1
افراده,1
شاهاره,1
ایمو,1
فونه,1
Farjam,1
lenovo,1
نچشیده,1
بدگویی,1
پیششون,1
کارآیی,1
تاست,1
بگونجونم,1
پردازندست,1
س10,1
وحشتناکش,1
فردا,1
نگاه,1
نبودبما,1
دکمشو,1
میشنیدم,1
مینداره,1
جوشی,1
بدافزاری,1
ویروسی,1
کتابها,1
افزایش,1
تاخیری,1
best,1
ok,1
نپردازم,1
انگیر,1
عاقلانه‌ست,1
پاوربانکش,1
جوایز,1
سامسونگمه,1
لپتاپی,1
50درصد,1
دیدین,1
می‌داره,1
گلکسی7,1
LINK,1
توقعن,1
ندارنش,1
سی7,1
دیگرو,1
موبایلم,1
ماژول,1
وشیکه,1
مارشمالو,1
گوریلا,1
فووووقالعاده,1
ثابته,1
کادوه,1
سازید,1
آماتور,1
جنسش,1
بخشیدنه,1
هسن,1
قشنگی,1
نیز,1
خطها,1
وای600,1
Battery,1
Resolution,1
16G,1
flash,1
Camera,1
نیازمونه,1
میخنده,1
پیشتر,1
پی9جگ,1
خریدیش,1
Rom,1
نمی‌شوید,1
نمی‌گم,1
تعصبه,1
GHz,1
نمی‌کند,1
54,1
ببریدش,1
داریمممم,1
تابو,1
هم‌داره,1
شاعومی,1
تاریخ,1
آنچه,1
و‌رضایتتون,1
Performance,1
چ,1
بشکونین,1
بدهیم,1
نمکنه,1
وسونی,1
نورکم,1
درکه,1
فرکانسش,1
اونها,1
آسفالتو,1
zen,1
گرونترن,1
کارآموزی,1
sdو,1
می‌آیند,1
می‌آورند,1
دیدش,1
سنی,1
مشهود,1
آیندتونید,1
ترسونه,1
حسگراثرانگشته,1
درخواست,1
32G,1
بازد,1
Edge,1
میگرن,1
شیائومیه,1
antutu,1
گین,1
برثانیه,1
گمنامه,1
زیبایه,1
میخوایین,1
428,1
بسوزونین,1
کشونده,1
iOS,1
ریسک,1
V8,1
مخابرات,1
برآمد,1
امتیازشه,1
میخونی,1
الجیم,1
بگیریش,1
m8,1
قبولند,1
گفتین,1
ارزشمندتون,1
برداشتین,1
i,1
نمیارین‌,1
نشوتم,1
110هزار,1
خریدنه,1
مرسییییی,1
113679,1
مرس,1
حرارته,1
نگذشته,1
64گیگ,1
گلوبال,1
سات,1
10000م,1
ساختیه,1
همیناس,1
بخواین,1
honor5x,1
رسوندش,1
بسیارقدرتمند,1
تفاوتشونه,1
فوقلعاده,1
نازت,1
بویژه,1
خواهدکرد,1
فشارست,1
injustice,1
ایرانم,1
عظیمه,1
بخرم‌ش,1
آقا,1
جهااااااااان,1
اشباه,1
سونیxa,1
مدرسه,1
bild150,1
اومدنشیییممممم,1
کشم,1
شارژرP9,1
میکنمش,1
پرخطاست,1
راست,1
بچشن,1
جدیدی,1
htcنمیرسه,1
hisuite,1
انلاین,1
مشوند,1
اسان,1
ازخریدم,1
32بیتی,1
edgeداره,1
چت,1
زارن,1
فوقلعادست,1
وجی5,1
میفرستم,1
ااندروید5,1
کلاسیکه,1
بروئه,1
چندان,1
فایلاشونو,1
apps,1
فعالن,1
واتساپ,1
اندازن,1
عاایه,1
hotspote,1
98درصده,1
چهارم,1
مقبوله,1
پیامک,1
آسفالت8,1
511داشتم,1
خریدارم,1
شبخوره,1
FLY,1
گذارشته,1
فندک,1
سلاما,1
پژوهشگر,1
لینکارو,1
گناهه,1
قیمتاشه,1
منفجر,1
پایینترش,1
اینفراد,1
می‌گیرند,1
جاییه,1
فروشن,1
J1,1
بپرسم,1
نامناسب,1
قائلم,1
HTC10نیست,1
آشغال,1
هع,1
بتلاتره,1
liteهست,1
c4,1
shotX,1
سرکاریم,1
میرزن,1
موندیم,1
بگذار,1
بیمظیره,1
otgهستش,1
p9lite,1
مظلومه,1
otgنمیخوره,1
خواهرم,1
سالیه,1
رسینگ3,1
کوچکه,1
پیدانمیکنن,1
اونطوریه,1
y6داشتم,1
بیشتزه,1
سام,1
سامسونگند,1
tplink,1
راهشه,1
بژه,1
کشورمون,1
کرین,1
liteبزاره,1
50000,1
بندارزه,1
نمابشگرش,1
اسفالتو,1
نوتیکیشن,1
شبه,1
برنامست,1
مرورگری,1
M370X,1
880,1
بامنه,1
تشکرm,1
دونی,1
روبه,1
پی8,1
پرباره,1
وتحقیق,1
جی7بگیرم,1
مجددش,1
ّ,1
بپرسه,1
مختصر,1
عاشقشممم,1
نمیترکن,1
1روز,1
over3,1
کانتر,1
آهنگ,1
MB,1
میایم,1
Imac,1
مثلg8,1
فهمیدیدن,1
SPECIAL,1
و‌سبک,1
p8اصلی,1
باهاشون‌,1
نمیخواید,1
LOCATION,1
بُعدی,1
العاده‌اس,1
زنندس,1
انتخاباست,1
قایلند,1
بسیارخوبیه,1
ازj7,1
حدود,1
میخوند,1
اینستا,1
گیگشه,1
کریستالش,1
بکلایتِ,1
پرداختیست,1
point,1
قیافش,1
بندازیه,1
حاشیه,1
دارمشون,1
سی5,1
علاالدین,1
شارژداشت,1
خاصم,1
نظرتون,1
scirinنمیخون,1
نوت3,1
مشکبه,1
اشِ,1
شیامی,1
هووای,1
سادس,1
برسونند,1
نشنوید,1
امااااااااااااااا,1
نمیخورید,1
عکساشه,1
موارده,1
s7داره,1
باوفا,1
4gخوب,1
شش,1
بینشون,1
مینویسین,1
بخشیدن,1
soc,1
😊,1
ظاهریش,1
نمیکردی,1
پنل,1
مخ,1
قایلی,1
بزرگوارم,1
دیگره,1
میزده,1
انگلستان,1
نمییییکنه,1
هستِ,1
10هست,1
می‌زند,1
بگیربد,1
انتظاراتم,1
میگره,1
عاااااااالی,1
Antutu,1
خخخخخخ,1
ضرافت,1
خرابیه,1
تاچویز,1
درمیارن,1
مابقی,1
سلفیش8,1
چهـــــــار,1
ویگاس,1
10بگیرن,1
جمهوری,1
دقیقا5روزرومیره,1
تراکتور,1
mini,1
بقیس,1
راضیترم,1
دلرم,1
مثلا{,1
شرمندم,1
نمایندگیه,1
واقع,1
استاندارده,1
92,1
چیزش,1
97,1
دودقیقه,1
mobile,1
لازمم,1
شهرستانم,1
ندارتش,1
دوساله,1
برهمگی,1
5بار,1
NOTE5,1
خوردیم,1
سیستم‌عامل,1
تلفنی,1
نماند,1
خط,1
بازیا,1
Glass3,1
اعصاب,1
cover,1
manegment,1
پشیمونیه,1
ایلام,1
reject,1
توجهه,1
تاییده,1
میسنجید,1
چیپست,1
پولشه,1
باند,1
otgدارن,1
یرداشت,1
اطرافیانی,1
13و5,1
مصیبته,1
توبازین,1
دراومده,1
سفتن,1
اوج,1
ابیلیتی,1
ستینگ,1
نییت,1
دومی,1
خفنیه,1
گیر,1
دستشون,1
میگیرفتن,1
کرده‌,1
نکشیدم,1
باعث,1
سعید,1
قویهه,1
ناراضین,1
لینکه,1
می‍‍‌ارزه,1
پوشید,1
combat5و,1
سیپیو1,1
تعمیره,1
خواااااهشا,1
جی7پرایم,1
وسامسونگ,1
میگشت,1
اصیل,1
حضوری,1
وخریداری,1
دوستتون,1
سرکاریه,1
عشقمه,1
میزنیا,1
یوتوپ,1
بمونین,1
اکلیریه,1
tp,1
SD,1
برچسب,1
labeling,1
بهترین‌نیست,1
پردازم,1
GLX,1
پارت,1
آرام,1
خوده,1
نخریدی,1
خودتونید,1
سختی,1
نمونید,1
لنزه,1
ماشین,1
بپسندین,1
چپه,1
ضرر,1
internet,1
apnجدید,1
مکالمات,1
کال,1
پی9بندازید,1
کردپ,1
همزمانه,1
64663,1
میمونید,1
روونتره,1
عصابه,1
ناراضیه,1
واتساب,1
بسیاربالاست,1
اوردید,1
نشنیدید,1
وقدرتمند,1
حیبش,1
خوابوند,1
ناظمی,1
ساند,1
Blaster,1
شدنیه,1
خدماتش,1
3D,1
رمش,1
اپلمون,1
وEنمیشه,1
بشناسمش,1
میگردبن,1
گرفتیش,1
بذارند,1
حتمادبخریش,1
عاااالین,1
میپسندیدم,1
کارآمدی,1
مشکیست,1
نزاد,1
ببخریمش,1
6امده,1
بنش,1
حسابم,1
شیکن,1
ZU680KL,1
186,1
ازشما,1
صاحب,1
نمیاید,1
کریستالیش,1
نمیزند,1
قوطیش,1
نقره‌ای,1
پیداکرد,1
رنگیه,1
plusنداره,1
72,1
پشت‌,1
سیامک,1
میبره}},1
نخورم,1
خریدارن,1
خشی,1
موجودنمیکنین,1
آویرا,1
پیشگامان,1
پکیج,1
AMD,1
پک,1
بنفششم,1
پیداکنم,1
کریستالی,1
میشناختم,1
وناظرمحترم,1
لطفـــــــا,1
توووووو,1
خواهشااااااا,1
نبودهمراهش,1
موجودکنه,1
beni,1
بریم,1
گیفشو,1
دورببن,1
تولیدکرد,1
مامنتظریم,1
تعجب,1
گازی,1
میکنسد,1
علیکم,1
دما,1
اسپید,1
بسیار‌خوبیه,1
CPU=2,1
گوشی0,1
نسخه5,1
شهریور,1
650,1
امکاناتم,1
مرددن,1
نگرفتند,1
بررسیه,1
کمبت5,1
بانوانه,1
اثرانگشت,1
سردرگمی,1
جلوش8,1
صفحش5,1
C7,1
فلانه,1
عادلانس,1
بدنبالشن,1
میجنبی,1
گفتنش,1
کبفیت,1
پراید,1
فراری,1
نندازم,1
نزول,1
gpu,1
ندینش,1
درگیرشم,1
قوتره,1
همینم,1
حاشیست,1
مشتریانشه,1
ایپده,1
آمریکتیی,1
مردس,1
edittion,1
قزوین,1
بخوری,1
اشکال,1
نیزنه,1
صداش=عالی,1
داخلی=32GB,1
باتریش=عالی4100,1
تصویرخوب,1
اینفرارد,1
شاهکارشو,1
کننده‌ست,1
سبک‌تره,1
همسرم,1
وزیری,1
65000,1
کالاس,1
نتونستم,1
قبلیاست,1
آیه,1
خریدارشن,1
510,1
داخلیشه,1
ایستاده,1
وبزرگه,1
تبدیل,1
Handset,1
95000,1
هواویی,1
افتادنش,1
زنفون,1
گلاس,1
4100,1
خاکستریه,1
نذاشتند,1
چرخه,1
میشنوم,1
950xl,1
کارمیدن,1
باشیش,1
وتا,1
موبایلو,1
احترامند,1
حالتی,1
هفتست,1
پسندید,1
4‌G,1
iPhone,1
دوستداشتنیه,1
تومانی,1
flat,1
thunderbolt3,1
سوپرامولد,1
کارنکردم,1
لغزندس,1
نمیرفت,1
هماهنگه,1
نپرس,1
نپسندیدم,1
مجموعه,1
64گیگابایتی,1
سازم,1
کارها,1
کارو,1
suam,1
مصاحبه,1
میطلبن,1
الکترونیکس,1
رنگارنگش,1
96,1
واژس,1
365,1
میآید,1
overall,1
سنگینی,1
OLUFSEN,1
تولی,1
وسایل,1
100میشه,1
2500میداد,1
quality,1
ب,1
بهترینی,1
جایگزینی,1
قرارداره,1
وایفای,1
FI,1
هوشم»,1
وخرید,1
نمکنم,1
کوچکتر,1
s7edge,1
نیازهاتون,1
6هس,1
انداختنه,1
نمیخوای,1
mate9,1
5روز,1
نبردمش,1
اتوماتیکه,1
اصلاحه,1
کنیدش,1
اسست,1
می‌شن,1
مو,1
وطنیه,1
یاV30,1
وخریدم,1
دردبخوره,1
رشت,1
گوگل»,1
اونده,1
بدرخشید,1
افتخاریه,1
نمیبینند,1
کارتون,1
باتریست,1
دوبار,1
خوشی,1
ترابایته,1
انجین,1
استودیو,1
برنگردی,1
on,1
یونیتی,1
ایج,1
سا,1
ازعزیزان,1
خاصیتشه,1
اهم,1
دَک,1
اولماز,1
بگیرتش,1
بردمش,1
نمیمونین,1
افکت,1
نویزه,1
کیفته,1
پرستاره,1
ندند,1
نمیسازه,1
مسلما,1
پرچم,1
یخری,1
پرشده,1
sd820,1
ای5,1
چیزیکه,1
داداشم,1
کوچیکش,1
ندراه,1
مزیتاشه,1
محکمش,1
16نیست,1
چشماتون,1
وباکیفیت,1
A8,1
رحمه,1
دونید,1
نسوزه,1
فدوختم,1
باشیت😉,1
میداشتی,1
اتوکدو,1
بند,1
بجاشa5میخرید,1
هشدارها,1
باسه,1
محافظت,1
نمیبرم,1
میکردماا,1
بدردمیخوره,1
شاتر,1
تبدیلی,1
خریدارهاش,1
شناسه,1
شدیدا,1
نیفروشند,1
میشکند,1
2017بهتره,1
بارانی,1
گرافیکGtx950,1
CHINA,1
عبارت,1
رام4دارند,1
بزارند,1
شاخیه,1
نیمد,1
یخریم,1
یابه,1
انتخابشون,1
قوییه,1
می5بهتره,1
شارژینگش,1
بخشیه,1
نرو,1
ethernet,1
خیره,1
هماهنگی,1
بنظر,1
وضعیه,1
همراهم,1
پشتتونن,1
ماهم,1
بگذارن,1
عکسهاشه,1
پبشین,1
516,1
برندا,1
سردتره,1
وجدانا,1
لعنتی,1
پیچیدگی,1
گردن,1
جلسه,1
برجستشه,1
N501,1
امروزی,1
راضییترم,1
گردوغبار,1
شهرستانا,1
ندارن‌,1
پیشنهادخریدمیدم,1
چرم,1
زبان,1
لپتاپو,1
اندازهه,1
فرمودین,1
اونی,1
اللبته,1
میخرد,1
هاردشه,1
شاالله,1
گرانقیمت,1
nfcداره,1
نریزین,1
روحه,1
28,1
3980,1
تاریکیه,1
ممنون💜,1
کور,1
مهندسی,1
سوزه,1
کوبم,1
میدمش,1
فلانا,1
زنبوک,1
درک‌کنم,1
50تومن,1
ایفون6نداره,1
اطمینان,1
اشنام,1
تکنولوژیو,1
عقلانی,1
Orange,1
آنها,1
پائینه,1
مختار,1
سیب,1
کنى,1
لنگه,1
تاییش,1
thanks,1
مارکش,1
جنسشه,1
میزاری,1
همراهتون,1
قابل,1
drive,1
‌3,1
نداخت,1
نفروختمش,1
نزنی,1
شوخیه,1
قطعات,1
جادوگریه,1
ایجوریه,1
خردیمش,1
تلقی,1
بکننین,1
ارسال,1
فری,1
چیزاعالیه,1
1320,1
آیتیونز,1
امیدوارم,1
DLNA,1
UPNP,1
افیس,1
خریداران,1
اضافى,1
کمى,1
آفیس,1
لپتاب,1
نبسته,1
documents,1
یوتوب,1
فناوریه,1
کیف,1
دنیاااااااس,1
گوشییش,1
آسمون,1
بووووم,1
میرسیم,1
بعضیاشون,1
ربودن,1
نماییه,1
وسربلندباشید,1
نیامدم,1
میزنیم,1
دانلودapp,1
128Gb,1
ولاغیر,1
940mx,1
ماهی,1
بیزارم,1
پوشه,1
نسل5و4,1
عقلانیست,1
مجبورت,1
ایتونز,1
خوبیع,1
روببرید,1
کیلو,1
نوبرشه,1
یادتونه,1
اجباری,1
پوشوند,1
6splusداشتم,1
دوستانباتر,1
میرسین,1
کارنکرده,1
شخصه,1
رباست,1
برداششتم,1
اجراکردم,1
ندونن,1
رونه,1
خردم,1
کنون,1
بروم,1
بنچمارک,1
ازره,1
چسباندند,1
قبلیمه,1
ترکانده,1
متحرکن,1
عدد,1
میام,1
انشاله,1
کردنشون,1
آخرش,1
ترش,1
می‌کنی,1
گلدلبت,1
ص,1
شنوید,1
شدنی,1
خوشمزست,1
اونومتمایزمیکنه,1
انگلیسی,1
فرقشه,1
الانه,1
گذاشتنش,1
پیروزی,1
دوریینش,1
9پروهستم,1
می‌سازه,1
خرما,1
نقاط,1
صفحشه,1
پورتهاست,1
البومه,1
زیبوک,1
زیباسته,1
راضییییییییم,1
ابعدا,1
دومن,1
می‌ارزید,1
نگذارید,1
نمیبینین,1
بدیل,1
ویاورتان,1
رانداره,1
نهntfs,1
سپاس‌گزارم,1
کندتره,1
مثبتی,1
میدانند,1
مدیاتک,1
برسونه,1
تظیره,1
تلوزیون,1
51,1
مستطیله,1
اودیوفایله,1
کا10,1
اپلیکیشنم,1
انروید5,1
نری,1
توجعبش,1
بردیه,1
باعزت,1
primeبهتره,1
نداشتنشون,1
یرخورداره,1
leeco,1
7plus,1
6x,1
honor,1
ایییین,1
نزنند,1
پاشه,1
فقد,1
نخریدنش,1
محشرن,1
گوشیاش,1
یزره,1
Soltani,1
پایینشه,1
Prime,1
آ9,1
بخورید,1
و665,1
کارته»,1
والجی,1
نامحسوس,1
نشدین,1
377,1
پایینهه,1
دنیایی,1
9خریدی,1
اونم,1
گژاشتید,1
بازیگران,1
هواویم,1
835,1
دارندمیان,1
میشناسنش,1
جورن,1
گانه,1
برخیزیم,1
رابچرخانی,1
آپل,1
F2,1
رفع,1
ترازن,1
بگویرید,1
نقطه,1
قویترش,1
دراشتباهن,1
کلود,1
بازاراست,1
بالامیرفت,1
وشیک,1
مدلهاست,1
برگردونی,1
رسونده,1
دیگن,1
مقدار,1
gt,1
پوله,1
افزایشه,1
ببیرین,1
میکنهـ,1
دروغی,1
میچرخونه,1
lock,1
نمیدونه,1
میگرفتید,1
همراهش,1
خوبببببه,1
ارئه,1
میسوزونی,1
کولینگشه,1
دکستاپه,1
کولینگ,1
بخوای,1
صبر,1
Gaming,1
980,1
سنگینیه,1
شمار‌میرود,1
980m,1
نگشتم,1
اتوکد,1
بشکن,1
برادریم,1
استرس,1
لیک,1
حالتیه,1
میذارند,1
کوپر,1
چیزه,1
خودانی,1
دیوانگی,1
یکزمان,1
بربیاد,1
کولرهه,1
portabilityعه,1
دیوانگیه,1
انیمشن,1
زندگیم,1
برایپم,1
بلنگه,1
گیمرا,1
خوف,1
ببند,1
نمیونه,1
M330,1
خودتان,1
VW,1
1ترابایت,1
مانیتورش,1
صفحشون,1
مانیتوره,1
مزایاشه,1
وعمران,1
6500U,1
ماوس,1
فنش,1
پرتابل,1
بایوس,1
نمیشند,1
جداسازی,1
گذاشتیم,1
960,1
اولم,1
thread,1
فنشه,1
نشدند,1
توجیهه,1
نمیگنجه,1
العااادست,1
بنویسیم,1
سنگه,1
قرارگرفته,1
کدچیکه,1
بهترینند,1
assuse,1
بیخودیه,1
gs60,1
دیدم‌,1
شگرفیه,1
اینع,1
ور,1
بیش,1
توجهیه,1
عقلیه,1
بشوید,1
Asus,1
گذینس,1
می‌خورد,1
VS,1
بشینین,1
اکثر,1
کلاکینگ,1
آاترابوکه,1
پرفورمنس,1
پیشنهادمیکنم,1
اوست,1
ماگفتن,1
بش,1
اذیته,1
گرافیکddr5,1
کا,1
گرفتمشا,1
مثلش,1
ایرادشه,1
العدست,1
کیبرد,1
جالبشه,1
ندونیم,1
خوبشون,1
نفهمییدیم,1
کرایسیس,1
لک,1
سروصدا,1
39whr,1
موخه,1
لاجتیک,1
RW,1
4گیگابایت,1
دارای,1
اسمونه,1
600,1
مدیاست,1
سقط,1
بتونه,1
محسوس,1
light,1
مهندسى,1
safeو,1
corei7,1
GDDR5,1
شیییک,1
x541,1
بتراشین,1
860,1
نیافتم,1
درایور,1
u,1
عوض,1
lenovo5070,1
همراهشه,1
ربع,1
ینظیره,1
ازجمله,1
مهتر,1
پشنهاد,1
نمیخاد,1
عااااالیییییییییه,1
خوان,1
نیسم,1
همینن,1
پایینیه,1
بچگانست,1
Ark,1
روزی,1
انرژیه,1
geaforece,1
نمیرفتم,1
گیمینگgameingنیست,1
مثلا2,1
دلگرمیه,1
پارساله,1
همدیگست,1
گیمینگه,1
بازدهه,1
سریه,1
55GHz,1
512GB,1
840,1
ننماید,1
Fn,1
ولیعصر,1
بایت,1
جلوترن,1
backlightداره,1
کنیین,1
شبانه,1
m970,1
خواهید,1
رغیب,1
کانفیگه,1
کربلایی,1
Skylake,1
توشیباست,1
شِیرمیکنه,1
قیمش,1
Siemens,1
تعداد,1
کیپورد,1
کامپیوترش,1
ترشه,1
لباس,1
نمیارتش,1
متاسم,1
80SR002SUS,1
موفق‌باشید,1
مرخرفه,1
Bهستم,1
سلولی,1
بلیزارد,1
گزینه‌هاست,1
زیادنمیشه,1
مشخصاته,1
اینطورن,1
نمایندگیش,1
زیادشه,1
ورمیداره,1
ازم,1
هرچیز,1
همیشگی,1
dogs2,1
برنگرده,1
تربخریدباتشکر,1
نمشه,1
هربازی,1
نازه,1
سالمند,1
بهترباشد,1
گه,1
انشا,1
😀,1
زیباتروشیکتره,1
نمیدونیم,1
شد‌,1
داشت‌,1
پیروز,1
آزمونی,1
مخاطب,1
جیفورس,1
7700,1
امکاناتشون,1
دارابودن4هسته,1
76pa,1
انتظارنداشتم,1
برادرم,1
تاچپدشم,1
اطراف,1
k4,1
ارحیم,1
y3II,1
88٪,1
ایفا,1
لی,1
لنووبخرید,1
طهماسبی,1
I7,1
میکنه»,1
هنوز‌عالیه,1
پرمصرف,1
برنخوردید,1
بدونند,1
اختصاصی,1
مینویسد,1
سرنوشت,1
برداشتن,1
جزوات,1
تعمیرشه,1
ارتباطات,1
مطمعنم,1
فاقداونه,1
رمش3گیگ,1
مشخصاتش,1
زشتییه,1
نمیپذیره,1
قراره,1
مینکه,1
بچمارکش60,1
خوردناس,1
میپیوندم,1
معایبه,1
غبارو,1
ضعفتره,1
اشباع,1
شارژرشه,1
زاپیا,1
کجه,1
باشه‌,1
زیبا‌کرده,1
میخواهیدبزارید,1
3GB,1
سیاهش,1
دااره,1
تاس,1
cat4,1
روگرفتم,1
شکوندی,1
قدیمیتما,1
شخصا,1
دیقه,1
افزارشون,1
5xهست,1
عریضه,1
یوتیوبه,1
کارگاه,1
IP67هستش,1
5ساعت,1
دانلودمسنجر,1
خوله,1
موافق=لایک,1
وغیر,1
A32016,1
خریداریش,1
نانومتری,1
بدنیست,1
45fps,1
رمشون,1
4Gاندروید5,1
بسنجیم,1
بشینم,1
Syndicate,1
مانیتور,1
نوعیه,1
مواقع,1
اینطوریند,1
راد,1
اولترا,1
علیرضا,1
ادوبی,1
of,1
آمدم,1
xp,1
نمیشناسد,1
پتو,1
FPGA,1
میشکه,1
کیند,1
TAB,1
darksouls,1
بیاین,1
بشنوین,1
خوانا,1
مشکلاتی,1
خردیم,1
ّعالیه,1
آدمو,1
قراربدین,1
نمیدارد,1
باگرافیکیه,1
javid,1
سلولیه,1
4GB,1
DDr4,1
فریمه,1
پین,1
Disk,1
elite,1
آلیست,1
اسماعیلی,1
میبندم,1
پرسیدن,1
لپ,1
راحتترم,1
ولیییییییییییییییی,1
تابشو,1
gn3,1
اروم,1
خیلیه,1
هتسش,1
DDRچنده,1
اخرشه,1
بخریما,1
میگردین,1
مضاعف,1
1287مگابایت,1
اجرایی,1
داشتمم,1
متن,1
هووووف,1
کوتاهه,1
میخرمت,1
هممممممم,1
کالاگرفتم,1
میدونند,1
کپیست,1
ایکسه,1
امنه,1
بشویم,1
زدند,1
کاناداییه,1
میزاشتند,1
مشتیه,1
منظر,1
مونیم,1
میلتونه,1
proبگیرید,1
استثناست,1
SM951,1
کننئ,1
HQ,1
ساپورتن,1
ندش,1
بچسبون,1
قیمتِ,1
فیلمه,1
مندشه,1
مطمئنا,1
الومینیوم,1
دردسره,1
سراغ,1
تکی,1
انها,1
شارژره,1
cubase,1
ووفر,1
کارست,1
کرک,1
رودیدم,1
مواردی,1
مسائل,1
ننشست,1
ساتای3,1
علت,1
هالیوودی,1
میدونستن,1
ورد,1
تانگو,1
اپدیته,1
16باشه,1
233ppi,1
ستونی,1
میگیریمش,1
افتم,1
220ندیدم,1
تماااام,1
443عالیه,1
یواش,1
بلااستفادس,1
مذکور,1
دورکنند,1
نامناسبه,1
بینیم,1
خونگى,1
پشتى,1
نخوری,1
autocad,1
نازیباست,1
5بگیرم,1
بالاهه,1
مگاست,1
سامسونگیم,1
نیته,1
خریدکنیم,1
ازبچها,1
کننه,1
بزرگن,1
بایدبخرمش,1
روگذاشتن,1
رسیدنشم,1
رایگانه,1
واش,1
ارنا,1
موجودبشن,1
دربازار,1
اور,1
ترکیده,1
ننویسین,1
دکرد,1
دیگران,1
بازارم,1
نیست£,1
کرال,1
فراخوان,1
سابقه,1
پرداخته,1
80000هست,1
نگم,1
مشتریشم,1
خودمونه,1
میخواستید,1
میطلبید,1
s7اجه,1
بالاستا,1
خشایار,1
مه,1
بنویسی,1
سالشونه,1
مصرف‌کننده,1
هتین,1
بخرد,1
ولنز,1
بنوده,1
HDR,1
UFS,1
بزرگ‌تر,1
می‌افزود,1
سریع‌تر,1
نبودین,1
اینچیه,1
قدیمیتره,1
کیفیتر,1
میگرند,1
آقازاده,1
منوش,1
136700,1
میبرده,1
z1,1
g2,1
ملی,1
8هزار,1
9هزار,1
گوشییه,1
نبودش,1
جانم,1
128200,1
138000,1
مدادنوکی,1
نیایید,1
AnTuTu,1
2560x1600,1
تفاوتشه,1
گوشی2016,1
یک‌کلام,1
نقدشد,1
سامسونگیااااا,1
گن,1
ظاهرا,1
ندونمو,1
نگردیم,1
200T,1
نوت5داره,1
ماندگاری,1
بیستی,1
نباشیم,1
رویا,1
داراشون,1
پرچمدارانش,1
کرش,1
داخلی64,1
اکسپریxz,1
موجودشه,1
کارش,1
خریداراش,1
وو,1
نمیخورند,1
کس,1
زندگیمه,1
کارکرده,1
امتحانشونو,1
اسنپدراگون820,1
ترکه,1
بترکون,1
نجومی,1
صنعته,1
z5p,1
باوره,1
بودگفتم,1
متنفرند,1
زدیم,1
خریدارشم,1
v10بود,1
نسوزیم,1
بکین,1
همانطور,1
جیبم,1
شایدg6ویاv30,1
وامیسادم,1
رفتن,1
نپره,1
هرجای,1
ببازه,1
میگم‌,1
تجربش,1
بیایم,1
ببینیمش,1
s7بدین,1
جچوریه,1
وطراحی,1
Z8,1
لایمک,1
بدشو,1
عیده,1
charger,1
اس7اجه,1
اینترنت4,1
خانگی,1
گوشیمون,1
غوول,1
P20,1
206گرمه,1
میخرین,1
خشکل,1
آوردش,1
منصفانس,1
روزتان,1
نفریم,1
31,1
میریزیم,1
ضدابه,1
بالایه,1
DxOMark,1
نیندازید,1
ودرود,1
می‌مونم,1
46,1
عمرانه,1
مدعاست,1
برانگیخته,1
روانی,1
lcd,1
حاضره,1
کیا,1
منظورمه,1
خنک,1
چینایی,1
48000,1
بخاطرجدیدبودنشه,1
بسیارزیبا,1
زیادمیشه,1
توانم,1
4تا,1
دونسته,1
تسکر,1
ضخیمه,1
خمیدس,1
ذاشت,1
میخریدیم,1
دربیارین,1
فرمودید,1
فناست,1
باخت,1
ultra,1
بهترند,1
میاورند,1
😁,1
می‌شناسند,1
بدتره,1
سنسورهاندارد,1
هشدارندارد,1
ولک,1
سرعته,1
مرسی‌دیجی‌جان,1
موثرش,1
نمیشین‌,1
note,1
J710GN,1
بخرش,1
میشنوید,1
نداردMiracast,1
honor5X,1
6100,1
وبازی,1
نبرد,1
هونور5x,1
اینها,1
نررره,1
رساس,1
نزدم,1
نمیخوریم,1
NFCندارد,1
متوالی,1
Fهست,1
نمیدارن,1
میکنم：,1
سردربیاره,1
فامیلامون,1
بشناسونند,1
بدوید,1
میشکونن,1
کلیپبورده,1
چیزیو,1
حساسن,1
اولویته,1
مظفری,1
خیلی‌عالیه‌فقط‌همین,1
j7گرفتم,1
نخردیمش,1
وj7موندم,1
دربیاری,1
مضحکه,1
نظراتتون,1
مىباشد,1
ممموری,1
جدیدا,1
مختلفی,1
PDFوRARنیست,1
میدل,1
طورنیست,1
نندازی,1
مدته,1
3100,1
نمیندازید,1
troopers2,1
بگیریرد,1
میبورد,1
honor4cگرفتم,1
فشارسنج,1
فروانه,1
نمایششً,1
j500,1
اندروید6حافظه16رم2اندازه5,1
55آمپریه,1
میکردش,1
j200,1
J510F,1
بداره,1
برقی,1
2ماه,1
اسکایپ,1
اکسل,1
پاروپوینت,1
9mm,1
خولیه,1
بنندم,1
خرجه,1
کرید,1
پایینی,1
تب,1
جاذبه,1
میکروفون,1
پخش,1
هاااا,1
بروز,1
هاست‌‌,1
همینجوره,1
کاربرده,1
سوزوندی,1
گیرین,1
نندازیم,1
ارزانتره,1
ایرادش,1
وراضیم,1
کشن,1
کناری,1
نیازتونه,1
خییییییلیییی,1
گله,1
هوشمندانه,1
p9liteمیخریدم,1
ویتنامیش,1
10000000,1
بیک,1
منصفانه,1
بووممممممم,1
ندیدمش,1
برگرداند,1
ببخشد,1
ناراحتیم,1
هی,1
حیییف,1
فرار,1
Amazonو,1
بگویید,1
ترسوند,1
کنه😊,1
سرگذاشت,1
روونن,1
مشکیشم,1
مندشد,1
سازباشه,1
چقدحساسم,1
لیاغتشه,1
آفریده,1
استثنایی,1
IPSهستش,1
بخصوصlgv20,1
طلاس,1
خاسته,1
زشتیه,1
تشک,1
قاضی,1
اسیبی,1
اصالت,1
اصالتشه,1
مطلبه,1
تحول,1
ملاکه,1
میلیونیته,1
باتوعه,1
هورااااااااااا,1
پسندانس,1
نادره,1
گیف,1
وحشتناکشه,1
الجیV20هستم,1
میسازد,1
هرلحاظ,1
مصیبت,1
سامسونگو,1
نمیخره,1
سواریش,1
برترند,1
مگیرید,1
5درصد,1
هرنظر,1
طبق,1
به6,1
میناوند,1
دیحی,1
میاد‌,1
بدبخت,1
ارتقاس,1
ویندوزه,1
آقای,1
دنبالشم,1
خیابونمون,1
بی‌نیازم,1
سامسونگj72016دارم,1
پسرم,1
شمام,1
بخرند🤗🤗🤗,1
5xهواوی,1
g8هواوی,1
نوشتمشون,1
216,1
وقفه,1
سید,1
سپارم,1
باورنکردنی,1
mi5,1
بابرکتیه,1
گنجایش1,1
رسیم,1
36763,1
mi4,1
21053,1
4ایکس,1
فیکه,1
گوشیمو,1
v8,1
نویسیه,1
سرحاله,1
مثه,1
کچ,1
دفترچه,1
آداپتور,1
proهستن,1
نمیشنوی,1
مردمه,1
نمی‌خوره,1
می‌فروختم,1
خارق‌العادس,1
miui8,1
miui7,1
تربود,1
ـ,1
نمیگذاشته,1
305,1
دایمی,1
هفتم,1
می‌تونه,1
کانفینگش,1
نظرشونه,1
نمیترسم,1
زیادشده,1
بلا,1
چراا,1
برندهاس,1
نقصی,1
buy,1
کیفتش,1
دوربینو,1
گرفتم‌,1
ناتوان,1
اپراتوره,1
نمیخریدمش,1
می‌ارزد,1
ماوسه,1
کانله,1
2200ته,1
Store,1
گوگله,1
اینتله,1
می‌آره,1
محششششششره,1
جیاکی,1
کیق,1
گرافیکش,1
حوب,1
310,1
تجاری,1
چاپ,1
دارمد,1
بندیش,1
می‌آد,1
بخونیم,1
استفادم,1
امپره,1
نداردو,1
بهره,1
عااااااااااااااالی,1
ههواپیماس,1
لحضه,1
ترکیب,1
آچ,1
ابزار,1
توجیه,1
بشکونی,1
org,1
مضمونش,1
قبلیمz3بود,1
نویسنده,1
7پشیمونه,1
5600U,1
عاملیه,1
SSD,1
z3plus,1
دانشجویان,1
kg,1
verizon,1
hours,1
اعصابمه,1
براداشته,1
موبالیشه,1
دلارین,1
9نمیرسه,1
اورژانسی,1
احترامن,1
پیشرفتش,1
ظرفیتشه,1
اف1,1
2950,1
edition,1
Win8,1
v15هست,1
بخرتش,1
سرعتش3gهست,1
شکند,1
چراغشه,1
مثبتیه,1
ددیگه,1
دارهاش,1
نمی‌زنه,1
nations,1
بیشترشده,1
العادیه,1
لازم,1
گداشت,1
میتونین,1
exdialer,1
ومتنوعی,1
باورنکردنیه,1
Nرو,1
بخیرید,1
crises3,1
xps,1
fullhd,1
خریدار,1
انصافیست,1
توانایی,1
عاااااااااااااااااااااااااااااااااااااااااااااللییییییییییییییییییییی,1
چشمگیره,1
پولدار,1
گرافیکشم,1
بپردازد,1
سفیدشم,1
باره,1
هاشون,1
خشگله,1
میگیریی,1
پرس,1
بغلش,1
قرار,1
دوربیناشو,1
ذرش,1
اعدا,1
اینقدر,1
نواپلاس,1
رسیدنش,1
کوالکامش,1
نکیرید,1
میدوزن,1
لینوکس,1
xiaomi,1
والده,1
لگیه,1
عالییییییییسییییییییییییییییییییییی,1
حکمت,1
سمسونگ,1
گذاشنتون,1
بسازین,1
سرقت,1
احتیاطی,1
مفیدن,1
سایر,1
ایکلود,1
رقابتن,1
ادم,1
بلدم,1
7PLUSE,1
بجزj7prime,1
پرنورتر,1
iOS10,1
برنمیدارن,1
ورداشتم,1
بازیاش,1
ششمه,1
چکارکنم,1
باطرى,1
دگست,1
شیایومی,1
بفروشینش,1
حالاچرا,1
مگاپیکس,1
extrime,1
نمی‌رسه,1
سیستمه,1
منااسبه,1
اولهههه,1
انقدی,1
خروجی,1
چیکارش,1
باحاش,1
3بعدیه,1
مراتب,1
می‌خوره,1
cam,1
بشنوه,1
رکورد,1
هووایی,1
دیسپلی,1
همدیگس,1
شکلیه,1
عاللللللی,1
فرمان,1
واقعاااا,1
خریدانلاینه,1
حسگرها,1
باطل,1
نمیچشبه,1
ux501,1
8x2,1
راحتند,1
بموقعش,1
والیبالیست,1
طرفدارشم,1
متناسبه,1
وباکیفیتیه,1
بشند,1
نمیارمش,1
میخرینش,1
😭😭,1
ببندیدشون,1
مید,1
نسنجید,1
نشینه,1
موردی,1
نمایندگى,1
نمیچرخه,1
غلطِ,1
فریباست,1
برگرد,1
ضایس,1
خریداری,1
NTFS,1
خییییلی,1
اینتر,1
پردازند,1
اپدیتش,1
بالاترن,1
احساسات,1
جیبت,1
197654,1
205437,1
Benchmark,1
آد,1
درایو,1
glx,1
بستس,1
4s,1
داخلیش,1
نداره👍,1
درار,1
دیش,1
چیززززززی,1
3dmaxو,1
نداشه,1
رسوایی,1
gif,1
تشکککر,1
bye,1
میفهمه,1
باهاشو,1
نواقص,1
کاشتید,1
بخه,1
واجباته,1
کشاند,1
برنخوره,1
بلاک,1
قفس,1
CANNON,1
خسیس,1
6000,1
العاادس,1
کوک,1
مقصد,1
10برابر,1
13اینچ,1
آماری,1
7پلاس,1
7بگیرم,1
ایشالله,1
انگلیس,1
ابرقدرته,1
میشدیم,1
100٪,1
مدرک,1
عنوانش,1
بترکونه‌,1
چیزاس,1
مصرفی,1
مینند,1
بنویسند,1
گند,1
تاشو,1
iphone},1
sonyz5و,1
کنسول,1
حرفاس,1
مىکنم,1
آمپریش,1
عیبیه,1
زوده,1
3200,1
پلوغه,1
مینشست,1
سالاره,1
چى,1
ضررش,1
امپری,1
نفهمیدم,1
بیریخته,1
5sشدم,1
ذخیره,1
بریز,1
ناامید,1
نکشیده,1
Bqz1342175,1
نمیزدن,1
1313بود,1
نشانیه,1
بی‌انصافی‌ست,1
نمی‌آیند,1
نکشتم,1
بخاطر,1
موقعی,1
شماره,1
ضمن,1
گیگابیته,1
عاجزم,1
داریییییم,1
درومد,1
حرفاست,1
بشد,1
اصا,1
ممم,1
Carplay,1
Airdrop,1
airprint,1
بکونید,1
واییییییییی,1
Processor,1
هکرها,1
قابلیتهاییه,1
تفاوتشو,1
عذابه,1
خریدکنین,1
واحترام,1
ازهرنظرعالیه,1
نفعشونه,1
موثق,1
ماهرترینه,1
بلدند,1
سیلور,1
نمی,1
جنسی,1
شکل,1
نیفتادم,1
نازیه,1
128خریدم,1
قشنگتونه,1
بازاری,1
330,1
خوییه,1
شکلیست,1
ندون,1
کوتاهی,1
میصرفه,1
کمیتو,1
Memory,1
گزاشت,1
بخشش,1
ساختم,1
ایفونم,1
دیدگاه,1
نمیموند,1
نندازین,1
iphone,1
لااقل,1
خرند,1
ار,1
Drive,1
میخرحتما,1
نخواه,1
میلرزونه,1
وطنان,1
9343,1
اینچنینی,1
ایفون6دارم,1
بریزه,1
سروران,1
شادباشید,1
چوب,1
نظرمه,1
اسمیه,1
جانبى,1
از4,1
بچرخونین,1
پردازه,1
کارباهاش,1
آیفونمه,1
1440×2560,1
band,1
اختصاصى,1
time,1
ایردراپ,1
متفاوتیه,1
میومدن,1
ارتعاشات,1
لطفی,1
لع,1
دبلیو,1
DDR3,1
5400RPM,1
والله,1
دفعه,1
کش,1
آرمسترانگ,1
زبانهاست,1
محرومن,1
بالاترش,1
خوندینش,1
5sهستش,1
ازios,1
میفهمى,1
سیری,1
محبوب,1
جملست,1
175000,1
جیلبریک,1
سرشن,1
128g,1
فربد,1
ورژن,1
سیبچه,1
مخالف,1
ندام,1
احتمالا,1
LLA,1
فروختنش,1
Tv,1
1800,1
ایفونمو,1
شیر,1
it,1
آفرین,1
داستانا,1
نوبره,1
پایین‌تره,1
میپرداختن,1
موسوی,1
اشکالات,1
بیاار,1
میبرنش,1
گلدشه,1
موبایلی,1
بدهه,1
حسرتش,1
می‌خریدم,1
تلاش,1
بادرود,1
میذارین,1
لدفاً,1
مخاطبین,1
maps,1
شمسی,1
بالعکس,1
میسازید,1
قید,1
برعکسشه,1
رزگلدشو,1
صحنه,1
میشه3dتاچ,1
رجیستری,1
کپیه,1
زمستون,1
میکنمممم,1
بفهمیید,1
حرفشو,1
پرچمداراش,1
نمیشدن,1
پى,1
ارزشمندیه,1
اگر,1
کیلوهه,1
iosهستش,1
849,1
158,1
77,1
154,1
75,1
بخرمم,1
تمامش,1
نمیزاری,1
بیامرزد,1
نداشتند,1
وضوحش,1
معرکههه,1
جناب,1
پذیر,1
2گوشی,1
مارکشه,1
لــایــکو,1
گذاشتنه,1
تشکررر,1
بیت,1
جابزه,1
نمیپرید,1
Shareit,1
iTunes,1
روزها,1
اجی,1
درمدلهای128و64زیاده,1
جذابتره,1
بیارینش,1
اف,1
بفرست,1
مبلٰ,1
عزیزانی,1
آمریکاییه,1
ازاندرویدهست,1
برگزید,1
gray,1
میترسونه,1
اماراتن,1
ضمانت,1
ومحترم,1
زو,1
محصولاتی,1
متأسفانه,1
55,1
سومه,1
سرم,1
عالییییییییییی,1
جزو,1
گوشیشونو,1
پویاییه,1
همونطور,1
میبینیش,1
دستشونه,1
سرعتشه,1
T,1
نفعتونه,1
دارره,1
Samsong,1
Photos,1
نظرندین,1
قیاسه,1
بنزباپرایددرسته,1
اعتقاددارین,1
محمدامیرمرادزاده,1
تاچه,1
اکبر,1
Howaie,1
LENOVO,1
عمو,1
APPELE,1
مقام,1
DK,1
خوووو,1
میانبر,1
باشکوه,1
اینووو,1
اسلومیشن,1
لول,1
کو,1
تفلکی,1
Touch,1
سلام‌‌,1
نگید,1
دوربینوجلو,1
بسشه,1
j7اومد,1
بالامیاره,1
4gهست,1
کارخانست,1
‌‌‌‌‌,1
6‌,1
بود‌,1
هسته2,1
مثلGTA,1
بازم‌سلام,1
نمیادش,1
محششرهههه,1
دیوتی,1
همچییش,1
آ5,1
6GHz,1
زنفون2,1
pluse,1
scale,1
اپلید,1
کارس,1
بازتره,1
قایله,1
نمیرشن,1
ios9,1
تعصبا,1
پاشونه,1
پلیرهاست,1
وزنشه,1
میکشیم,1
جونشه,1
نمیش,1
یادگاری,1
3gs,1
ضیف,1
ازخرید,1
GRAY,1
Gold,1
زوودترر,1
ممممممنون,1
مردونس,1
grey,1
تابستونن,1
connector,1
نوشتی,1
siri,1
باری,1
ضعیفترند,1
ترهههههه,1
brightness,1
1407,1
1376,1
کنتراست,1
iPHONE6s,1
لیست,1
مرررسیییییی,1
شرکتم,1
per,1
قابلیتایی,1
بوراتا,1
خواهشاً,1
1دونه,1
ثقفی,1
تل,1
فارس,1
کررد,1
روو,1
چرااااا,1
برگردوندند,1
حروفش,1
کارگر,1
پوزش,1
کارتونو,1
یکسال,1
میگذرین,1
gbمیخواین,1
LED,1
تعطیله,1
قیمتا,1
بزنمش,1
کااا,1
حالته,1
نتونم,1
1هست,1
750هستش,1
نمائید,1
نمیگنجد,1
نگردد,1
ضعیفن,1
سرویسه,1
نمشنوید,1
آنتنش,1
خریدکنم,1
میدادیا,1
حسنی,1
بفروشی,1
دادا,1
پاسخ,1
برجسته,1
ردستیه,1
حمیدرضا,1
بازده,1
راهنماییش,1
عظماهستند,1
انگیزشم,1
ساپورته,1
21868,1
768,1
مزیا,1
واقعن,1
اینطوره,1
چندتابخرم,1
انگیزتون,1
J1هستش,1
خاطرباشین,1
ازصبح,1
آیکنا,1
adm,1
dv,1
ماکزیمم,1
بیکیفیت,1
همینو,1
کارمیده,1
پیدانمیکنید,1
اعصابتون,1
وایمیسته,1
ناموجودید,1
client,1
b102,1
بزرگین,1
uI3,1
اعلانات3,1
مکالمه7,1
میاد6,1
میشه5,1
گوشی4,1
ارزونش2,1
bittorrent,1
استارت,1
خاورمیانه,1
سبکیشم,1
کالاییها,1
خوایم,1
محض,1
دیجیکالاست,1
اقتصادیه,1
ریختی,1
راضیهه,1
اندرویدشم4,1
اظطرای,1
خووووووو,1
تاکنون,1
میرسدj110fهستش,1
برجاست,1
باقیه,1
عالییییییییییییی,1
جاهایی,1
لود,1
بزرگش,1
اصلن,1
گذارن,1
مکینید,1
حلال,1
دنیانس,1
chipset,1
وایسین,1
چهارتا,1
قاچاقن,1
شاهد,1
خانوماس,1
خیلییی,1
گردونه,1
خوامش,1
چطورریه,1
برمیخورم,1
میخریدند,1
lla,1
خوبتان,1
رزگلدش,1
مصطفی,1
برگردونید,1
هاتف,1
واویلاست,1
دیجی‌جان,1
نظرا,1
انلاک,1
ترکوندن,1
لطفااا,1
Home,1
selfi,1
حس,1
رژیم,1
خسته,1
گوشیتونه,1
گیرکرده,1
بخشند,1
باهاتون,1
یکروز,1
کشیدن,1
29,1
6sدارم,1
میگیرنش,1
Peek,1
دوربینها,1
خورشیدی,1
ios9بود,1
daghighan,1
العادشه,1
اشغالی,1
کزارم,1
بفروش,1
مقدس,1
64gb,1
اوبونتو,1
دختراست,1
Test,1
رنجبر,1
میشیه,1
najjarzade,1
نمیرید,1
بببرین,1
ICCID,1
وخوبیه,1
حالاست,1
آیفون6پلاس,1
پلیییز,1
عالیییییییه,1
رسیدین,1
سطحیه,1
گیکه,1
ایراداش,1
جمالی,1
راجعون,1
قلی‌پور,1
موجودکنید,1
هفتصد,1
ساختس,1
128گیگ,1
منیجیر,1
گویی,1
ایفون7انلایک,1
6sلایک,1
7بخرم,1
ببشتره,1
اسلموشن,1
حسگراثرانگشت,1
گردش,1
6کرده,1
جانبی‌,1
جزئیات,1
گزاشتم,1
خاصشه,1
ههههه,1
بیخوده,1
s7داشتم,1
خریم,1
سیلورش,1
عااااااااااالی,1
میریزین,1
رنجه,1
خالیست,1
لاک,1
مشهدم,1
نوشتمش,1
ولوم,1
خاهشاً,1
پلیه,1
s6موندم,1
سیاستیه,1
میکشین,1
luck,1
اونور,1
باهوشه,1
انجامید,1
اشکان,1
تحریم,1
نیسش,1
همینطورین,1
حّق,1
خلاص,1
متنوعند,1
آبیش,1
پملمپههه,1
پرش,1
رفتند,1
192,1
کوچولو,1
اندازشونه,1
رمشونه,1
کارتاشونه,1
تردیدم,1
محسوسند,1
flex2,1
میپوشونن,1
168,1
32GB,1
کلاسیه,1
نمارین,1
بفرمایین,1
منظم,1
نکسوسشون,1
می‌گم,1
زیرا,1
بروزه,1
develop,1
اهواز,1
کنننننننننن,1
62345,1
مقایست,1
منتفیه,1
بمونی,1
چندسانتی,1
برم‌‌‌‌,1
چسب,1
تعمیرپذیریشه,1
قبلا,1
چهارن,1
gfx,1
40,1
خر,1
کالاهاتتت,1
دیراحتمالا,1
نادرست,1
سایتها,1
بجاش,1
میفرمان,1
طرفیم,1
محبوبم,1
میفروشند,1
get,1
مننتتتتتت,1
ارزونن,1
ورژنه,1
قرن,1
رسانیش,1
ِتشکر,1
می‌پسندیدم,1
روانتره,1
سلامت,1
7راداشتم,1
بینظریه,1
برمیان,1
نظرمیدن,1
مبخرم,1
شدمه,1
فینگرپرینت,1
مرسه,1
سامهنگ,1
ldovl,1
می‌خرمش,1
پردازندشه,1
آیفونز,1
سایزشه,1
لامصبا,1
نکس,1
باطریشونه,1
بفرماد,1
نفرستادی,1
4‌,1
ندیدمه,1
تندتره,1
ممنن,1
تکشر,1
میزارند,1
نیزارن,1
بهدوستان,1
جیگرر,1
سلفی‌,1
سامسونگ😍😍😍😍😍😍,1
نتم,1
16گیگش,1
میامد,1
پرسنل,1
خوااااهشاااا,1
خودانین,1
z3وz3,1
بندیتون,1
موضوعی,1
زمان1,1
کردیم°,1
خداااا,1
وزیبا,1
فابریکی,1
بجنبین,1
میگردید,1
اگزینوسه,1
شا,1
داخلیو,1
عالللییی,1
وزنو,1
پیداکنید,1
خوتون,1
خدمتیم,1
تابحال,1
a3است,1
تیزه,1
زیبای,1
هرجهت,1
العدس,1
ریزه,1
آباد,1
دربیارم,1
بهزادپیرزهی,1
z4وs5است,1
ساختشونه,1
بانوان,1
کاربردیه3,1
عقب2,1
card,1
zarei,1
شادی,1
نمیگیرید,1
محمدی,1
نکسوسها,1
بومی,1
مکان,1
برنداشته,1
اونقدر,1
Senseو,1
قبلیاس,1
16GB,1
معنیه,1
امثالهم,1
رنکینگ,1
لُطفا,1
مدلم,1
نداره5,1
خوبه7,1
میداذم,1
اینترنته,1
برامدگی,1
کنیدتاببینید,1
اس6خوشگله,1
شد25,1
به15,1
العادییه,1
هسست,1
نخوووره,1
وقتا,1
3گیگابایته,1
هاشو,1
پرکنه,1
دربیاره,1
می‌ماند,1
خطاس,1
دگس,1
بینg5وv10,1
بالاشونه,1
کارن,1
کاوره,1
جیزده,1
نزدیکتره,1
جوابشه,1
میخامش,1
خره,1
بوود,1
ناچار,1
یزد,1
5385,1
17399,1
10528,1
5649,1
38961,1
شهریورخریدم,1
میافتاد,1
5هست,1
تراز,1
718,1
👌,1
میگن😒,1
w,1
نیستندپ,1
میذارمت,1
میخوانه,1
MCI,1
ممنووووووون,1
اهنگه,1
جوابم,1
کنــــیــد,1
استایلوسش,1
2هست,1
ته,1
وایسیم,1
شایدبهترازاین,1
میداده,1
ضمنا,1
نتونستن,1
آبـــــی,1
میرمحمدی,1
میخااام,1
عالیتون,1
سرعتیه,1
آبیشم,1
پور,1
توضیحاتتون,1
نکنبد,1
مییکنی,1
زیبایشه,1
4X,1
ندارهاندورید5,1
هش,1
چقدعه,1
کارنیس,1
j5بخرین,1
ندیدمｼ,1
عاااااااااالیه,1
ونه,1
اچ1,1
m|s,1
وخاورمیانه,1
پدر,1
کنیننننن,1
هشتا1,1
نمایشگرخوب,1
سامسدنگه,1
چیکار,1
کوآلکوم,1
ببینیدشون,1
گیگاهرتزه,1
III,1
INJUSTIC,1
بازیASPHALT,1
G8بندازید,1
تسکینگ,1
5اینچ,1
دیگش,1
زدگی,1
شیرانی,1
اونایی,1
dragon,1
نمیکشع,1
ضعیفع,1
doors,1
ناامیدکنندس,1
گلکسیE7موندم,1
کلاله,1
اقا,1
بسیارمناسب,1
بودنشونه,1
دریابید,1
کنیش,1
جی2,1
اونهاس,1
aqua,1
بامشتری,1
کنسرته,1
826,1
گزرونده,1
جی3,1
داشته‌اند,1
امولده,1
بسازدش,1
واست,1
برازندشه,1
carterو,1
پرسسور,1
اصلیم,1
صورتتونه,1
پرشه,1
خوشکلن,1
کونین,1
قانعم,1
هانر,1
وسیعه,1
ورزیه,1
بیشر,1
میری,1
ازاردهنده,1
آرامش,1
کوآلکومن,1
هزاره,1
بالاستت,1
خوابیده,1
هنر,1
یکخورده,1
شده‌اند,1
روسیه,1
ارائه,1
چشیدم,1
نمیخرتش»,1
نداره»,1
Nillkin,1
اونهایی,1
میافتین,1
کمتری,1
تعصبیه,1
نمیخریم,1
قشنگرو,1
جرعت,1
حسین,1
s4,1
قویترینه,1
چیو,1
گنجه,1
غولیم,1
اندرویدیست,1
جیب,1
کامپیدتر,1
تخریبی,1
خریدیدن,1
تاسفه,1
آوردید,1
دوربین13و,1
بروی,1
سیستمش,1
وXiaomi,1
شارز,1
آنگونه,1
متعدد,1
اندرویداس,1
چسباند,1
مخمل,1
سیانوژنم,1
نخریییید,1
خاصش,1
زبونه,1
ازcyngn,1
download,1
kipper,1
الکین,1
پایدار,1
گرون‌تر,1
نکسوز,1
بصرفست,1
آهسته,1
صورتتون,1
میگیرده,1
نمیذارن,1
RGB,1
اسکرین,1
ایمپرینت,1
ضعفش,1
برخوردارن,1
خالصه,1
بزرگشه,1
رقیبا,1
نظریس,1
محصولی,1
تمیخوره,1
حتا,1
واقعاراضین,1
واقعاسخته,1
6P,1
های128,1
عامو,1
ww2k,1
ظاهرشه,1
معایت,1
شرکتGLXهستم,1
1هستش,1
واهی,1
نمیاد},1
کنم},1
نیست},1
سیاهه,1
فروش},1
هستم},1
یزدی,1
وداره,1
پرسش,1
انتظاریم,1
بیزنس,1
میذاشتید,1
نشیم,1
شدنشم,1
دعوا,1
بیارنش,1
s6یاm9بگیرم,1
است‌,1
مال,1
بیفتیم,1
عدلی,1
بسنجیمش,1
کجاییه,1
افزود,1
لینکش,1
S5,1
پسندان,1
میخریدش,1
عباسی,1
مومیوند,1
گروه,1
انگاری,1
لو,1
تشگر,1
تابلو,1
7گیگاهرتز,1
پنجعلی,1
نهایتشه,1
مینالند,1
وارداتیه,1
نیکخواه,1
کترپیلار,1
دیری,1
کنندگان,1
ir,1
تعمیرگاس,1
Only,1
Wifi,1
کنش,1
ابتداییه,1
قربانت,1
طلاییه,1
لباسشویی,1
morovati,1
janebi,1
قسمته,1
مشکییی,1
نذارند,1
مشگین,1
حسگرش,1
دلربا,1
شنود,1
قائله,1
مرســـــــــــی,1
بهمن,1
ME,1
ستش,1
میارند,1
تخقیقاتی,1
کوهنورد,1
ساختمون,1
جنگ,1
شدنتشم,1
جاااااااان,1
ضمخت,1
like,1
پیشکش,1
بیاردش,1
نمیبینیدش,1
جوووووووڹ,1
راسی,1
رنگم,1
کانادا,1
مافی,1
اوجش,1
بحالت,1
پیچیدست,1
سالی,1
دنبالش,1
معروفند,1
آزمایشگاهی,1
lcd3,1
اساسیه,1
پاساژ,1
زاریم,1
حیاتیه,1
بهترینن,1
عالیبه,1
نمیزدی,1
mate8,1
میکنهه,1
پوشونده,1
امپرواقعا,1
Chipset,1
کرفتم,1
جای,1
نیکنه,1
سرتر,1
حتماa5رومیگرفتم,1
شیرکنه,1
بهترنیست,1
روپرکرده,1
a5بهتره,1
ml,1
مرکزی1,1
اینطور,1
منتظرشیم,1
بو,1
کنمش,1
160,1
حدود1ملیون,1
رمه,1
آفریقایی,1
پسندمش,1
کجاشه,1
چرخوندش,1
قراربده,1
فن‌آوریIPS,1
پاییینه,1
one,1
ن13,1
خییییلیییی,1
هستا,1
میانردس,1
لطیفی,1
چرخانشم,1
265,1
نمیخایم,1
خلاقیتی,1
ultraخرید,1
نکناااا,1
نامم,1
یکنواخت,1
میزارین,1
الخالق,1
نجومیه,1
نداررره,1
عظمت,1
ببخشیدا,1
وایبر,1
mohammadi,1
ناجوره,1
مختلفو,1
نویسن,1
Flash,1
وایبرن,1
اساتید,1
کارشناسیه,1
انقد,1
خبرتونه,1
6592,1
تاریخی,1
خرابشده,1
زیباترند,1
نمی‌زند‌,1
گرونش,1
عالییییییه,1
دادمش,1
لطفابگویید,1
کشوراست,1
مشتییی,1
سوراخه,1
العادسسس,1
انتظارتونه,1
توهنگه,1
خداشاهده,1
انگیزخریدم,1
بلدیم,1
شماها,1
بودى,1
بزارش,1
عیبش,1
بادامیا,1
موزمارند,1
غازه,1
میکوبیدن,1
دیسیپلین,1
سیپیو,1
ایفونه😐😐😐,1
g750,1
خوبیش,1
خدایه,1
UL20,1
B39,1
سیمکارتشو,1
اسپیکرش,1
دیدنه,1
مضره,1
عالیــــــــه,1
سلان,1
Eمیشه,1
سالار,1
قیمتشم,1
وایبرو,1
میکنم‌,1
ازجوابتون,1
900,1
pasteکنی,1
برگردونین,1
کمک,1
میگیریش,1
وناآشناشده,1
مسنجرش,1
پربشه,1
دستیشه,1
کاراییش,1
آقااا,1
درکل,1
سرررعتش,1
حجمشه,1
زارعی,1
نترس,1
6عه,1
نگبرین,1
فداتون,1
منطقی,1
مارکها,1
چجوریاس,1
ترسیدم,1
ملیونی,1
افزاریشم,1
آشنام,1
2بار,1
دسجی,1
وآقای,1
مزخرف,1
برخورده,1
شبکه,1
کارشذنیس,1
cabonetesla,1
ابارقی,1
گوهری,1
رسمیه,1
راهنمائیتون,1
l11,1
دستکش,1
زمستونه,1
ویدیو,1
رنجدوست,1
بندارن,1
صحبتام,1
RAMپایینه,1
زدنیه,1
کردمو,1
فلزیشه,1
مناسبترینه,1
چیزدیگس,1
گوشیهایی,1
میپسندین,1
اسشه,1
جالبن,1
بزرگی,1
بذارینش,1
دام,1
موسی,1
یدم,1
فوق,1
ئالسلام,1
جباری,1
نمی‌شه,1
بکشان,1
شگله,1
45000,1
یو1,1
بیارند,1
p7,1
94,1
آنر6,1
میخو,1
نمودند,1
Glo,1
عااااااااایه,1
نزیاد,1
وکاربردن,1
میادـ,1
استیو,1
w8,1
t,1
نرفتند,1
UI,1
نمایش‌گر,1
ANT,1
وشارژکنید,1
نمیاورد,1
MicroUSB,1
روبدید,1
مونتاژش,1
نمی‌بینم,1
بکیرم,1
والّسلام,1
g920fd,1
یکسره,1
دزدن,1
surf,1
مسلمی,1
NOTE4,1
pda,1
charging,1
حیدریه,1
نــــداره,1
رادارد,1
200,1
یکیشون,1
نگفتید,1
جریانش,1
ندادی,1
بابااااااا,1
ویتنامه,1
مرایا,1
کشوره,1
برسند,1
نمیذارید,1
تایپه,1
موقعشون,1
افتن,1
یاقوتی,1
نیستااااا,1
میایره,1
چشمی,1
نویسید,1
andreas,1
اسلوموشن,1
یاست,1
ممتد,1
بردش,1
سریعی,1
ابطحی,1
seiedsaeed,1
بافیلم,1
درآورد,1
920f,1
جرا,1
احمدی,1
سیم2,1
ترگرفتم,1
نبندید,1
نظرت,1
Dislike,1
ACR,1
یکدیگر,1
4S,1
راحتین,1
قدرتی,1
معماری,1
ahmadi,1
battery,1
طلاییشو,1
تستی,1
آمیزهست,1
مربوط,1
رادارند,1
گلاسه,1
پاکستان,1
نمیشناخت,1
جواباتون,1
گفتش,1
انتها,1
یکجوریه,1
master,1
نادری,1
اینی,1
شانسم,1
برقه,1
دوسیمگرفتم,1
لغزندست,1
کارتمه,1
نامعتبره,1
میخرمشش,1
panaroma,1
می‌پسندن,1
نمیکنن😂,1
combat3,1
میخرمششش,1
واچ,1
primium,1
زاشت,1
بخان,1
اَپِل,1
میدونستم,1
زیرنویس,1
ios8,1
کاسس,1
خاصههه,1
نقیض,1
بدهی,1
Fantastic,1
سامسونگ=هنگ,1
سونی=بهترین,1
خورن,1
اقایی,1
3430,1
کشتن,1
اونوبخرم,1
برندشو,1
بازاریاب,1
درحالی,1
طراحاش,1
ســــــــــونی,1
شاهده,1
اینحد,1
قلمه,1
مدلشه,1
Geekbench,1
تاثیرگذاره,1
DXOMARK,1
حجمش,1
چگونه,1
بفهمند,1
دوربینت,1
4kیا2kمیشکونه,1
میگنن,1
می‌آید,1
خودیه,1
کبریت,1
wiz,1
نزند,1
shot,1
خاهشا,1
بداند,1
♥,1
نگرفتینش,1
دربی,1
آمین,1
بگردان,1
پا,1
ریزیه,1
سوادی,1
کارتشو,1
لقبیست,1
هاااb,1
خفن,1
مشخصاتی,1
بیشماریم,1
معتلن,1
فایلها,1
ایدی,1
ایکونها,1
new,1
installed,1
used,1
Alphabetical,1
قلبممم,1
نویس,1
درپرچمدارهاش,1
تلاشش,1
آنتوتو,1
اوالترا,1
رضا,1
اصرایه,1
معیوبه,1
خریدشون,1
عملکرده,1
رویه,1
برگردد,1
بمانند,1
موافقن,1
نمی‌دادند,1
بیندازید,1
سایت‌هاست,1
نمی‌گیرد,1
DATE,1
03s,1
نزاشت,1
تخریب,1
بخورن,1
کارآمدتره,1
خودرو,1
uninstall,1
متعادل,1
منـــتظریــــم,1
اَه,1
بید,1
ازz2داره,1
ندادند,1
1یا5,1
دیدمش,1
لاااااایک,1
زوتر,1
کدومشو,1
رنگو,1
دیگرش,1
عالیییییییییییییییی,1
وهههههههه,1
سلاممم,1
Focus,1
Motion,1
f=1,1
تپر,1
803,1
سایز,1
میخانش,1
نمیرست,1
تردیدشون,1
مصباحی,1
مجاورت,1
عاااااااااااااااااااااالیه,1
پسندش,1
شاهدیم,1
گرفتنشم,1
z3پلاسه,1
پیریمیوم,1
بنظرت,1
نوید,1
خوبیهههه,1
نفرمایید,1
همینجور,1
جامیگیره,1
style,1
بیـار,1
خیال,1
وقته,1
گرفته‌اند,1
ببیین,1
engine,1
V3,1
چیهههههه,1
سوختید,1
باریکند,1
واردمیکنید,1
روبروست,1
چهddrیه,1
بهترینید,1
وفروش,1
مونو,1
وتلپشون,1
وبله,1
طرفم,1
منزله,1
فضایه,1
جدایه,1
ip68روداره,1
128کافیه,1
شوکی,1
میکشونه,1
میدان,1
جاهاشون,1
اسن,1
ولش,1
انصاف,1
ldpr4,1
بخداااااااااااااااا,1
طرفداراش,1
برگردن,1
قطعا,1
سونیست,1
ـــ,1
برادر,1
مزخرفش,1
انقلابیه,1
موافقی,1
Perimium,1
کارتونیه,1
چندمه,1
موافقان,1
پوچه,1
زدنه,1
بگیرتتون,1
MATE,1
رزولوشنه,1
دلاوران,1
نشبد,1
1000,1
order,1
pathetic,1
میخورند,1
شخصاً,1
نوکیاس,1
اضیم,1
میبنده,1
یلدایی,1
رساندند,1
اولن,1
کارکنان,1
شیراز,1
1389,1
نمیخوند,1
تاریک,1
باترییشه,1
شلوغ,1
کیفه,1
میرساند,1
526,1
بالاgpuقدرتمند,1
بــخـــرش,1
بانکه,1
آنر6و4هست,1
میدار,1
90هست,1
هدفم,1
8ساعت,1
بگنجانید,1
OFF,1
=OFF,1
فرداش,1
صرفست,1
شدنیم,1
شدنممم,1
عاجزانه,1
sوhonor7,1
Digikala,1
جورایی,1
اینترفیس,1
کمترش,1
پاسخگوست,1
نسخه64گرفتم,1
اسحاقی,1
مشترک,1
هله,1
بازشدن,1
بلنگو,1
شرکتش,1
تماشاش,1
جعبس,1
چارسو,1
core,1
آلمینیومی,1
الانش,1
دلچسبه,1
تا4,1
منتظرممممممممممم,1
129,1
کشکه,1
لیگو,1
بگذارش,1
پشتشه,1
منتظرمlممنون,1
سپاااااااااس,1
ممنونِ,1
مرخص,1
جهانیست,1
بیشترمدلA7000بخریذ,1
3000mah,1
vowney,1
جانبیه,1
فدرتمند,1
دلبریه,1
cleaner,1
گوشین,1
مرســی,1
USB3,1
screen,1
نمییدونه,1
نیستا,1
کدومشه,1
جلو13,1
بدیاشه,1
اپدیتن,1
رسیدیم,1
گوشیش1,1
وضعیت,1
دادواینا,1
استایله,1
اپلیکیشنا,1
میپسندمش,1
ویو,1
اروپاست,1
میلی‌آمپر,1
همزمانن,1
هوواهی,1
منر,1
CAT4,1
زایسه,1
داریـــــم,1
میخندیدم,1
بخریییییم,1
میریم,1
قبلیشونه,1
GSMArena,1
نمیدونی,1
درخشید,1
زیااد,1
نرمال,1
تکرارییه,1
وضعشه,1
اروپاس,1
بیباک,1
خوبت,1
نمیخریدین,1
خودکار,1
6833,1
نمیخوایم,1
کافیشه,1
کالاااا,1
تیره,1
وهست,1
لذتبخشه,1
ارزانتر,1
همونهو,1
مسخره,1
عالـی,1
beleive,1
3بزنه,1
خورین,1
گشاید,1
وG3,1
بروزباشید,1
smartphon,1
ثابت,1
اسپندراگون,1
قاسره,1
خواندم,1
تکرار,1
تراکم,1
نخونم,1
فرمودن,1
زاده,1
کلفته,1
جیبشه,1
imx278,1
گرونن,1
حسنوی,1
گست,1
ابراهیمی,1
6دارم,1
موافقین,1
7420,1
واشتباست,1
سریp,1
امکاناتیو,1
هواویو,1
جزیرست,1
میزدم,1
4ساله,1
شنید,1
شارژمیکنید,1
توپچی,1
دلچسب,1
توراهه,1
نژادحسینی,1
مگاپیکسی,1
قائمی,1
RGBW,1
اصلیشم,1
محاله,1
china,1
کشیدیم,1
واورجیناله,1
کرومشو,1
کنیــد,1
فراوووون,1
موجودند,1
زانو,1
آیینس,1
greenify,1
امپرر,1
خوشساختیه,1
بجنبونه,1
رضیم,1
طبعیه,1
گذاشتمش,1
38,1
39,1
توپی,1
سامسونگs6,1
قیمتین,1
ندره,1
شاکی,1
گوشش,1
رسن,1
لایکوو,1
لایکووو,1
S6هستش,1
بپردازی,1
میت,1
جی5：,1
کاریزما,1
فروخته,1
نــــــــــــداره,1
بسازد,1
اتکاست,1
پوکوند,1
کاناله,1
vulcan,1
فوقوالعاده,1
3600,1
infrared,1
اجازه,1
ــس,1
دیدمه,1
جرئ,1
میمونن,1
وخوندید,1
فاتحه,1
استو,1
blieve,1
ژاپنیم,1
باm5داشتم,1
اکسپریا,1
می‌دادند,1
می‌شید,1
تو‌ذوقم,1
وایفا,1
cدارم,1
20٪,1
ترتیبه,1
بااصالتی,1
نیستی,1
مگابایتی,1
نظرکنین,1
ضعیف‌ترند,1
می‌رسه,1
میزاش,1
منحنیه,1
خبه,1
لام,1
z,1
مزیتیه,1
PRIV,1
32بتونه,1
وظاهر,1
میپسندن,1
بازشه,1
عالیین,1
نمیکوبم,1
پیداس,1
ضرره,1
کنه‌,1
تیرممم,1
طرفس,1
انداختین,1
شرکتی,1
راحتتره4,1
قویترین3,1
له2,1
مزایایی,1
لاغیر,1
فریبنده,1
PASSPORT,1
دومم,1
میشههههههههه,1
نداااااااره,1
مُنزل,1
درپوش,1
رایجه,1
نمیدد,1
مخالفاست,1
توm9,1
نمیپذیرند,1
میتونید,1
1395,1
اگزینوسش,1
حرفیه,1
😂,1
gold,1
بجزه,1
نمیفهمه,1
بباد,1
نزدیکه,1
اجه,1
کدوم,1
اس5دارم,1
sola,1
m5,1
بزنن👍,1
شکلی,1
بفروشید,1
فوقانی,1
پایانی,1
انداختی,1
میخورین,1
امیر,1
مترو,1
نوبیا,1
رنگارو,1
طنزه,1
دیکه,1
لوازم,1
عکسشون,1
بفرستن,1
بپره,1
درحد8هست,1
نگهداریش,1
سایتش,1
برگرداندم,1
حریدم,1
v6,1
برگردوندن,1
الومنیومی,1
همند,1
دارند},1
فعال,1
بستگان,1
آسفالت,1
laser,1
شکستگی,1
ندارت,1
ضعیقتر,1
بریزن,1
چرمی,1
ضعیب,1
مرادی,1
فعالند,1
بیا,1
اشتباس,1
😐,1
پخشه,1
bully,1
نقضه,1
انتظاری,1
عااااااالیییییه,1
گوشمه,1
طورند,1
خانواده,1
کاورش,1
بزا,1
DiGiKaLa,1
5اینچه,1
صفحش4,1
فیلمبرداریشFHDهست,1
20884,1
افتضاحیه,1
گوشییو,1
نسبه,1
ظعیف,1
جدیدو,1
وبس,1
عزیر,1
بخاد,1
نداشتش,1
بندیه,1
C4,1
نمیگرده,1
ظعیفه,1
بگیردی,1
Lite,1
اشناها,1
نپرید,1
تغیرات,1
میخوریه,1
بلندتره,1
برندهاشون,1
مخابراتیه,1
فیت,1
Blade,1
ببرمش,1
محرومم,1
انتخوابه,1
حسیه,1
off,1
نگهدارتان,1
بدانند,1
نیافتد,1
نگویم,1
دخترم,1
میزننا,1
نمیدادن,1
اندرویدش,1
مرسولات,1
نخرند,1
لانچرهاست,1
فروشیه,1
طرفش,1
چش,1
بودن»,1
ماژولارش,1
کاربدی,1
حاظره,1
دوستدارین,1
طرفین,1
درومده,1
بانشاطن,1
کمن,1
دنباشم,1
تان,1
RAW,1
سربلند,1
اضطراری,1
موید,1
دونستند,1
بیفایدست,1
530,1
میندازید,1
بدترکیب,1
not5,1
هآ,1
مسخریت,1
ظاهره,1
بهترینهای,1
الانLG,1
دوسنتان,1
تولیدش,1
داشتlifesgood,1
G3دارم,1
مینالید,1
عالیییییییییییییییییییییییییییییییییییییییه,1
133746,1
z5برید,1
شنیدن,1
شتم,1
دیدمد,1
luncher,1
ِِ,1
back,1
ازجلو,1
ایمان,1
ترهست,1
بوشهر,1
شاهکار2016هست,1
استند,1
خومتتون,1
فاجعست,1
آمریکا,1
خریدارانه,1
پیشنیاد,1
ببینینش,1
جانیفتاده,1
فروشم,1
مشکلو,1
برنیاد,1
میزدین,1
گیمی,1
قدری,1
OLED,1
طبیعتا,1
لانچرم,1
طرفدارای,1
راجب,1
انگیزی,1
پوشیست,1
همشون,1
وامیسته,1
بارها,1
کالابخریم,1
هموطنان,1
lifesgood,1
مشخصاتشون,1
وcpuبسیارقدرتمند,1
100درصد,1
نزن,1
نخوردن,1
درپشت,1
سایرتوصیحات,1
پشتی,1
zx,1
اقراق,1
وایدشه,1
نمیخرند,1
65درصد,1
همان,1
دغونه,1
می‌خواستی,1
نخریدیم,1
میگنه,1
چیپه,1
آزارذهندست,1
منوال,1
معروفم,1
شارژمیشه,1
نظرمیزارم,1
بینظیر‌‌,1
فوقولاده,1
اصلان,1
16تا24تقریبا,1
رسانیو,1
پردازشش,1
بردار,1
صاف,1
خواد‌,1
وجودداره,1
خمیدش,1
خشش,1
فیکث,1
کمِ,1
نوت4بود,1
شریعتی,1
جی5پلاستیکیه,1
بهترینشان,1
ازدیجیکالا,1
سمه,1
جابه,1
دوسیمشه,1
منتظریما,1
تشکرفراوان,1
بمونیم,1
6sمیخرم,1
قدم,1
مدیر,1
نیافتاده,1
24,1
کدام,1
اسیا,1
گیرنمیکنه,1
z5بگیرم,1
جانبیش,1
شکوه,1
وهمچنین,1
iphone6s,1
برگشتم,1
صفحس,1
هااا,1
نمیشته,1
یکتاست,1
نقدشون,1
قوتی,1
نابود,1
زبون,1
بیته,1
قرنه,1
دنیای,1
loop,1
دروومده,1
گوشیمه,1
دوممه,1
قوامیان,1
کننن,1
میپسندی,1
اولا,1
آفتابِ,1
حین,1
باشهِ,1
برسهِِِِ,1
ممنونتم,1
اتفاقی,1
فقط0,1
5است,1
آزمندیان,1
نابه,1
عجبا,1
سونگه,1
نزوله,1
بهتریم,1
808,1
801,1
برسی,1
4Gیا3Gگذاشتین,1
دهیه,1
بنود,1
مسنجن,1
عیار,1
علاقتون,1
edgeنزد,1
جیزاست,1
دیزایر,1
لانچر,1
هاو,1
8است,1
سروری,1
همچین,1
معتبرن,1
بالاترینه,1
ضبط,1
دوستی,1
دلار,1
935FD,1
موشن,1
جدابیه,1
بگزاریم,1
وG5,1
xz,1
جدیدیه,1
درستیه,1
نگهمیدارد,1
زده},1
ممتازیه,1
راظیم,1
فرسته,1
حوشگله,1
تعمیرگاه,1
هواداران,1
اومدا,1
Exynos,1
هنگیاست,1
فرز,1
خوشحال,1
نخواهیدگرفت,1
چسبندگی,1
گلسه,1
کنید‌,1
بنفتونه,1
جالبش,1
دردناکه,1
شکستن,1
نمیماند,1
هفصد,1
مرزی,1
پرایده,1
ارتباط,1
نمیباشد,1
ناپذیره,1
مخاطبان,1
بنشونه,1
فوقولادس,1
هنریه,1
اطمینانی,1
شکنند,1
دوستانِ,1
نگیر,1
عقبش,1
دریغ,1
WHY,1
عیباشو,1
سامسونت,1
تابی,1
یکذره,1
کندشه,1
مجکرم,1
دقته,1
همینطوریه,1
اپلیه,1
الیه,1
کنکوره,1
وایسم,1
توصیف,1
زندگیشه,1
گیریش,1
نقدآیفون,1
پشته,1
خوندند,1
بسنجید,1
راحتید,1
اونطور,1
ومتوسط,1
partionبرید,1
نیترو,1
هنگیه,1
هرصدتا,1
حالگیره,1
پرفروشترینه,1
بازارهستش,1
نمیزارم,1
کارکنید,1
cat8,1
میسوزد,1
بلد,1
کلنز,1
ویروسه,1
وحدوددوماهه,1
بدبودن,1
میبینمتون,1
فریمش,1
عاملشه,1
باطله,1
نمیرسند,1
g5و,1
خیسه,1
2باره,1
اژدهاست,1
نمیکردیم,1
دیگهه,1
مثاله,1
اموالیدی,1
مثل4G,1
ARMS3,1
ایزدی,1
نیوفده,1
هزینشه,1
بیمه,1
کیفیت»,1
توشه,1
لگی,1
وسوپرآمولدباشه,1
میترسن,1
beauty,1
o,1
خیلیا,1
اختیارتونه,1
بخوان,1
دروغه,1
باکلاسیه,1
قضایا,1
نمیوفتی,1
برندمعتبرباشه,1
تروو,1
نابغست,1
ارتقادادم,1
متفاوتهاست,1
محصولش,1
y6ه,1
مودمش,1
نیندازیم,1
چرااینجوریه,1
دومت,1
تبریز,1
نمیکن,1
مثلG3,1
وتکه,1
ملیونیه,1
آردم,1
واقعاعالیه,1
واقعامناسبه,1
j52016,1
j2,1
5هستش,1
M8,1
میپیوندد,1
الفرج,1
کیفییت,1
کار‌میکنم,1
تاریکی,1
مینداختم,1
رهاست,1
ببندنش,1
خرجید,1
آیفونم,1
نگوووووو,1
بین,1
میترسونن,1
نزارین,1
s6مکملتره,1
همیشگ,1
میگذشتم,1
چن,1
مشکلیه,1
غیر‌متعصب,1
میفروشمش,1
رقیبش,1
سلطان,1
میچسبه,1
کنترله,1
effects,1
خاص：,1
ترس,1
دوربین：,1
پردازنده：,1
سواره,1
نمایش：,1
طراخی：,1
CCD,1
3d,1
چارژر,1
3c,1
ناچیزه,1
6پلاس,1
گیگش,1
ااا,1
هشتم,1
فضاست,1
حیدریان,1
بطوری,1
20خریدم,1
دی‌جی‌کالا,1
نشوده,1
اِس,1
خداوند,1
عزیزت,1
آوردنه,1
همونجوره,1
مردونه,1
یابی,1
دهرم,1
مزاحم,1
زنندست,1
مبلغی,1
فندکی,1
سبکشه,1
برتری,1
علاءدین,1
اسلات,1
اوردند,1
google,1
اندرویدا,1
مهندس,1
متوسطش,1
عروسکه,1
بچسبونه,1
میکته,1
هنذفری,1
جنتلمن,1
نمیشناسنش,1
پرنوره,1
عالیہ,1
نگذاشتمش,1
تجملیه,1
زیرقیمت,1
بوده‌اند,1
برنمیاد,1
بیمعباست,1
باطیشم,1
فروختمشِ,1
عالے,1
styleو,1
اوریه,1
نمیفروختنش,1
خانومی,1
ردها,1
خالینمیشه,1
بخاطره,1
e7بندازید,1
هرتز,1
انتقادی,1
اشتم,1
بی,1
نمیدادند,1
رادیوست,1
پیشاپیش,1
اینقدزودناموجودشد,1
محصولات,1
لطفأ,1
نرماله,1
عودافز,1
40000,1
چینیاس,1
ساپرت4gهست,1
ایرادگرفت,1
مرسییییییی,1
9Q123TW,1
میرسانم,1
برنداس,1
سیصد,1
ZE550KL,1
5ایکس,1
وایساده,1
گوشیشونه,1
مارشمالوو,1
اخریه,1
نروید,1
مثال,1
اتموس,1
mode,1
نزدیکن,1
جلوشم,1
speed,1
خورند,1
سپیده,1
باتریشو,1
رنگها,1
دکمه,1
مثبته,1
blackout,1
HEADSET,1
مپسندم,1
اشباعه,1
صفحهautoبود,1
306,1
ویستا,1
خوشرنگه,1
to1,1
4تاش1,1
اسمش,1
عجیبش,1
کالاهایی,1
6بگیرن,1
بود},1
ودیگرهیچ,1
سفارش,1
نیوفتی,1
شناختن,1
عوامل,1
جلوشه,1
کنید},1
{excelent},1
داششت,1
چابکه,1
پسر,1
نرفت,1
کاربرا,1
یی,1
ندیدش,1
یومی,1
بالاتری,1
بایتش,1
ومن,1
اس6s,1
تنوع,1
باشبد,1
کلاااام,1
مهمه‌,1
6بگیرم,1
مهمیه,1
اندازست,1
بکیرمش,1
خیلى,1
پیشهاد,1
حبابیه,1
تمیز,1
یاخیر,1
میکم,1
واسمون,1
اخ,1
دارد：,1
گذاشم,1
برمیخورید,1
بارون,1
باآن,1
اصیلِ,1
بیشترشون,1
متفاوتن,1
گارانتیشووو,1
بازاز,1
دیمو,1
پیامکی,1
میدونیم,1
information,1
seهستش,1
3هستش,1
عاللللیه,1
نقدوبررسی,1
خصوصیاتشه,1
تصاویر,1
عرض,1
اقله,1
میکنید❤️,1
وامکاناتی,1
ریختس,1
فریه,1
کلیدها,1
سربازا,1
اغماض,1
نمیسازند,1
وجور,1
وخوشدستیه,1
ریختیم,1
روبروشدم,1
خواه,1
بودنشو,1
بالاتریه,1
نمیفهمید,1
پریو,1
cat4هست,1
نسل4,1
آنجایی,1
نمانید,1
llaبود,1
مقرر,1
دوستان‌,1
بگویم,1
میدانید,1
نزارند🙇,1
طرفدارseزد,1
Aloha,1
nplayer,1
Documents,1
برعکسش,1
اشغالیه,1
دنیاتون,1
نمیخوان,1
میبینند,1
filter,1
وقوی,1
شارژداشتم,1
نمیدونند,1
تقریبامناسب,1
نمیتواند,1
تصویرعالی,1
کاهد,1
هاهاهاها,1
چسبیده,1
گذاری,1
instagram,1
آکبنده,1
اینطوری,1
وکارآمد,1
عالیهه,1
بیخود,1
GT3,1
4gمیمونه,1
پکیده,1
2016نداره,1
بهترینههه,1
زنن,1
کارتاش,1
شبیهه,1
A52016و,1
غیرمنطقیه,1
ععععااااالللللییییی,1
غول,1
دلپذیر,1
لینوکسه,1
می‌بالم,1
بخاره,1
حدود1,1
استفاد,1
می‌مونه,1
راحت‌تره,1
آبخوردن,1
هوآویه,1
پرداختیش,1
WGA,1
همکارانشان,1
بندى,1
اسپاتش,1
کاربرپسند,1
قطعاتشو,1
متین,1
همچون,1
مشخصاتشه,1
پرچمدارشه,1
جوییش,1
desire830,1
قفل,1
7عصر,1
نمکنید,1
عی,1
قشنگن,1
گارانتیو,1
جی4بهتره,1
واحدی,1
میدش,1
زارم,1
برشداشتم,1
هموتj5هستش,1
خبره,1
میفروشش,1
بزنیم,1
نمیافته,1
lcs,1
تاریکه,1
مقداری,1
and,1
تیک,1
برا7,1
خشکلیه,1
تقدیره,1
gt3هست,1
بخربد,1
اصصصلا,1
قدرتمندش,1
افتادی,1
gta,1
ودوربین,1
بالاهاس,1
‍شه,1
اینایی,1
لطفلن,1
میبیند,1
نندازه,1
بدفرمه,1
بالابره,1
نشینن,1
واینمیسته,1
اطلاعاتم,1
z5بندازن,1
کلاسیکش,1
معل,1
1101,1
شنوا,1
فریبه,1
عـــالیه,1
SCR46,1
میخورتش,1
بودین,1
ممنوون,1
رقباش,1
تمیزه,1
یدونست,1
دیچی,1
گروووووون,1
آینه,1
پز,1
1میلیون,1
1داره,1
الان5,1
نیفتند,1
میکاهه,1
جزعی,1
مندارم,1
چربیه,1
اایه,1
نمیگرد,1
طبیعیست,1
سلطانه,1
میدوزده,1
همکارای,1
مادر,1
امتحانا,1
میشهه,1
مسکنیث,1
بازگردد,1
بازگرداند,1
هستنند,1
میفروشنش,1
Ever,1
کولرمون,1
میشوم,1
خاطرجمعم,1
کرومشوموجودکنین,1
دا,1
شامل,1
زیادتون,1
باورنکنید,1
خوندنتون,1
SLدرآوردم,1
نمیگیرند,1
دیجیتالیه,1
MobaiL,1
موجودش,1
گارانتیش,1
بشناسه,1
دروغگو,1
چسبوندم,1
بازیو,1
زندست,1
معتقدند,1
خواهدشد,1
حضورتون,1
وصف,1
مشکلاتشه,1
روداشتم,1
وخشگل,1
جـــــــهــــــــان,1
برنداشت,1
نشون,1
بی‌نظیر,1
اصلیشه,1
نیاوردن,1
Brothers,1
العاااااده,1
سرسبدش,1
هیـــــــچی,1
جراتشو,1
طلبم,1
Glory,1
Beach,1
پیروزه,1
نظیری,1
همون5,1
ردم,1
sp,1
LiFe,1
داربد,1
جهـــان,1
شدی,1
نقدمون,1
اعلا,1
اسمارت,1
مسئله,1
قایقیم,1
نامجودن,1
تکنولوژیش,1
mgهستش,1
Connecting,1
چندساعتی,1
بپردازند,1
note3,1
وسرعت,1
بگیریدمثلp9,1
همچیور,1
امولویشن,1
بوده‌ایم,1
می‌داند,1
A5بیشتره,1
اوناس,1
المان‌ها,1
c5=32967,1
سلیقه‌ها,1
مواجهین,1
Batman,1
racing,1
پیدانکردم,1
ارتقاپیدامیکنه,1
شماودیجیکالا,1
5بود,1
براحتی,1
دوماه,1
c5,1
انگشتو,1
دویدن,1
MW2,1
Gta,1
اولمه,1
پرقدرته,1
خصوصه,1
برقراره,1
میفتن,1
یندازن,1
متفرقه,1
کر,1
صف,1
تشکرر,1
عاِلیهههه,1
16گیگه,1
cd,1
dvd,1
ریدر,1
نکننین,1
شارژکنه,1
COMBAT,1
گوست,1
نیازتون,1
racing3,1
سنجند,1
تومننن,1
انبارهاست,1
3G,1
آیوس,1
a7باشه,1
لرزه,1
عکسا,1
میکشید,1
شانسیه,1
مکفی,1
بلای,1
میخواهیم,1
A5,1
FULLHD,1
6اومده,1
دریافته,1
میاوردم,1
الزامیه,1
12تا18ساعت,1
عاللی,1
بزنید‌,1
عیبه,1
fastcharging,1
نترکونده,1
شایدم,1
دوعه,1
a5بخرم,1
پنهان,1
مخفی,1
نیومده‌,1
Amoled,1
رامشه,1
مخمه,1
20درصد,1
قوله,1
عزیز‌,1
T720,1
7580,1
تراشه,1
480DPI,1
GHZ,1
2ماهه,1
دخترا,1
dpi,1
Asphalt8,1
اتیش,1
خیلیاست,1
بالاو,1
3300,1
پیامها,1
جانمیشه,1
چرخند,1
اروزنتره,1
مطمئنن,1
قیمت~پرچمدار,1
شاکری,1
یخرین,1
میمیونه,1
S7بهتره,1
الجیv10,1
7نداره,1
وپیامک,1
جلوشه‌,1
سیمکارتش,1
مشه,1
70000,1
90000امتیاز,1
tu,1
میکننن,1
mirroring,1
حقوقمونه,1
وارم,1
اسمشو,1
44320,1
edgeخرید,1
not4,1
چططوره,1
خداقوت,1
Asphalt8و,1
این‌گوشی,1
حرکتش,1
بگسرین,1
ممیا,1
racingو,1
خانوما,1
میاره‌,1
کنندست‌,1
گچ,1
سامسونگیتون,1
گلسش,1
S6بخره,1
کردباتشکر✋,1
عمدی,1
نمیکنـه,1
افتادن,1
g7باشه,1
2016بخرید,1
ذارم,1
بیفتی,1
وفروختمش,1
سرامیک,1
2016نخریدفقطj72016بخرید,1
نصف,1
کنندش,1
امکاناتشه,1
s6وs7هستش,1
یادآوری,1
خوشگلتر,1
سازندش,1
بسنج,1
کاسته,1
👍,1
HDبدردنمیخوره,1
برا,1
انلاینم,1
میاردش,1
هستد,1
نیورده,1
زیبــــاست,1
اینکارو,1
creedو,1
A8بخرم,1
صفخه5,1
عالیشه,1
مچکر,1
چهره,1
نارشمالو6,1
عای,1
یدونهی,1
دانلودش,1
هرتر,1
باتریتون,1
نتش,1
FD,1
6عالیه,1
پرداختند,1
نداریدش,1
برده‌اند,1
درمی‌آید,1
می‌برید,1
درحده,1
گوشیشون,1
بهره‌مند,1
اووردم,1
دائمی,1
جوکِ,1
متعصبید,1
نخوریم,1
وزیبایی,1
مشکلو‌,1
همیششونه,1
دوگیگه,1
حافظست,1
دورش,1
طرح,1
اس7اج,1
میزن,1
کیفیتیه,1
انکاره,1
میشدین,1
مقاومتش,1
میشورمش,1
بینظره,1
پیشگیریه,1
Emrejan,1
تعطیلأ,1
خُب,1
شکیل,1
91157,1
شده‌است,1
آمریکاست,1
پذیرد,1
76912,1
پلی78454,1
80223,1
81584,1
83364,1
86322,1
133781,1
سامسونگیام,1
134599,1
136875,1
مرخصن,1
سوسکه,1
مطلقه,1
رمشه,1
قبلیشه,1
محصوصه,1
ضد,1
وصفشه,1
شکنندست,1
نوآوره,1
فنا,1
s7دارم,1
box,1
توقعم,1
فینگرپرینته,1
خمیری,1
بگزره,1
eage,1
اذیتتون‌نمیکنه,1
ببرنش,1
نمیخورم,1
9بهترن,1
سطحن,1
نیافتاد,1
نزاشتم,1
برهمه,1
دروغ,1
قولی,1
دلیلشه,1
توانتخاب,1
بفهمن,1
اینجاش,1
دس,1
اسپات,1
بیاندازم,1
32گیگ,1
الان‌خریدم‌یا,1
سیوینگ,1
گرفتنم,1
ولقعا,1
وسط,1
خانه,1
جامیمونه,1
نمیزارع,1
NOW,1
دیس,1
کبیر,1
هایش,1
X,1
2K,1
اووف,1
Charge,1
مطالعتون,1
تجهیزاتشه,1
جزئیه,1
بالااااااااا,1
110000,1
استفادهکنید,1
متنم,1
جداس,1
cat9,1
وعامل,1
نمی‌توان,1
فوناست,1
اینجانب,1
داخلیم,1
ادرنو530,1
بدانیم,1
برنمیاید,1
وارده,1
بجنبونن,1
سهولت,1
8بهتره,1
8دارد,1
لحاظی,1
سوختگی7,1
هشدار,1
ازاین,1
Cam,1
میخندم,1
نصبشه,1
ایجا,1
ضیعیفه,1
nexus,1
نظییره,1
فوقولادست,1
گارانتیه,1
گردیم,1
مارک139500,1
عاشقشمم,1
دوسدارم,1
گیراست,1
حتمن,1
حرامه,1
100میرسه,1
نمیشمارن,1
برنداره,1
نوع,1
KOREA,1
جمعی,1
منی,1
حدودا,1
برخوردن,1
میمونهG5,1
الحمدلله,1
دوسیمکارته,1
افزاریست,1
آگاهی,1
6س,1
دکتری,1
عکسام,1
واقعین,1
میدونی,1
آقایی,1
دیگرانه,1
59,1
نپوشونن,1
طرفدارشید,1
مهمتره,1
جدیه,1
دوربینش13,1
دوربینش12,1
غیرازچندچیزجزیی,1
درگیرین,1
نکو,1
فروختش,1
می‌پذیرد,1
المینومی,1
وی10,1
مرجوعیه,1
و6s,1
v10دارم,1
فکرکنم,1
rawمیگیره,1
میکوبه,1
گردوند,1
اخبار,1
لجی,1
مونم,1
میبلعه,1
برداریه,1
منs6بهتره,1
مکررات,1
xperia,1
گرونی,1
گرانه,1
یرید,1
خداییه,1
قبلشه,1
6و,1
استفادست,1
ناجور,1
نگوید,1
s7است,1
s7سامسونگه,1
ریشه,1
خستگی,1
وسریعه,1
له,1
بفرما,1
ببیریم,1
ویا,1
انلایک,1
کندم,1
مطرحه,1
ظاهراً,1
می‍شود,1
میزاشتم,1
حافظش,1
آندروید,1
رفیقم,1
وای,1
note5,1
بیفتد,1
حساسیتی,1
GODFIRE,1
هعی,1
می‌زنند,1
العاده‌س,1
حرفات,1
ویژگیشه,1
ثابتند,1
ریموت,1
power,1
کیفی,1
هفتگی,1
مشتریشونم,1
4x,1
تنظیماتش,1
بادوام,1
فروشیدش,1
لِگ,1
چهارماه,1
تومنیه,1
عمرمیکنه,1
صوتی,1
نمیکشید,1
نمیفرسته,1
انتقال,1
بکشد,1
اینبار64گرفتم,1
گرچه,1
چسبیه,1
اهاییییی,1
آخی,1
کرومه,1
اغراقه,1
توضیح,1
برابرن,1
امتیاز,1
برسانید,1
believe,1
میدادین,1
منظره,1
خلاق,1
5پریمیوم,1
lumia1520,1
8میلیونه,1
1800mA,1
اَم,1
اووووف,1
می‌کردم,1
شکنه,1
میدونست,1
متقلب,1
خودت,1
توجهتان,1
نمایشگرو,1
میباشد：,1
اغراقی,1
2سال,1
بپوشاند,1
قدرتمن,1
ایفونs6,1
خـــــَــــفـــــَن,1
ندادید,1
6sداشتم,1
موجودمیشه,1
800,1
احمد,1
میکشیدم,1
نیکون,1
ip68,1
طرفیه,1
inch,1
فوقوالعادست,1
74443,1
3ثانیه,1
نداذه,1
1خوردیه,1
لغزنده,1
ونیستم,1
پنجه,1
آر,1
بشناسونید,1
دوسیم,1
فشرده,1
میذاشتن,1
افتاب,1
ADM,1
ترسی,1
مارکه,1
حمام,1
واقعییه,1
تحقیقاتی,1
مضر,1
پیداشه,1
نگزره,1
کیشه,1
s5خب,1
بور,1
همراهمه,1
ادجش,1
نوشتنم,1
تعصفه,1
مشکیو,1
IP68,1
ارتقا,1
دیگرم,1
بتمن,1
انتظارشونه,1
ورزشکاران,1
کار‌نمیکنه,1
چرته,1
تغییرمیکنه,1
بشتابید,1
نگاهی,1
شمرد,1
در30دقیقه,1
میخاید,1
سازیش,1
باشع,1
میشینن,1
دنیاییست,1
بشوریدش,1
خدمتتتون,1
دوتارو,1
هوشمندش,1
کمبات,1
8مگاپیکسله,1
عالیییییییییییی,1
انتخابمم,1
وگاس,1
آ,1
حافظه32,1
بازی1,1
فوقلعادس,1
وز,1
ضعیعه,1
مشاوره,1
بازنمیکنه,1
شینه,1
یاره,1
پذیرفتم,1
کارتنش,1
بنویسین,1
میخاد,1
ملموسه,1
نفرست,1
قطعاتشه,1
تکیه,1
ابرگوشیه,1
گوشی5,1
بک,1
جز,1
ایجادنمیکنه,1
گشی,1
جداگونه,1
ایدنتیتی,1
ضررنمیکنه,1
سیار,1
اختیار,1
نیسند,1
نمیخورن,1
لاکو,1
پاسخگوئه,1
stylus,1
باحال,1
ایناست,1
قرمزه,1
ترهستش,1
باشیدعالیه,1
افزایند,1
glass3,1
1و1,1
اشتباهم,1
