id,categoryTitle
56797,Laptop-Ultrabook
71032,Laptop-Ultrabook
91860,Laptop-Ultrabook
91944,Laptop-Ultrabook
108037,Laptop-Ultrabook
115668,Laptop-Ultrabook
118624,Laptop-Ultrabook
118698,Laptop-Ultrabook
123215,Laptop-Ultrabook
124619,Laptop-Ultrabook
126264,Laptop-Ultrabook
131883,Laptop-Ultrabook
132966,Laptop-Ultrabook
134736,Laptop-Ultrabook
137121,Laptop-Ultrabook
137127,Laptop-Ultrabook
137323,Laptop-Ultrabook
137525,Laptop-Ultrabook
144315,Laptop-Ultrabook
147658,Laptop-Ultrabook
149039,Laptop-Ultrabook
149283,Laptop-Ultrabook
149296,Laptop-Ultrabook
151073,Laptop-Ultrabook
151226,Laptop-Ultrabook
151427,Laptop-Ultrabook
153217,Laptop-Ultrabook
157481,Laptop-Ultrabook
157739,Laptop-Ultrabook
161268,Laptop-Ultrabook
162715,Laptop-Ultrabook
164387,Laptop-Ultrabook
165567,Laptop-Ultrabook
165902,Laptop-Ultrabook
169936,Laptop-Ultrabook
170961,Laptop-Ultrabook
171557,Laptop-Ultrabook
174532,Laptop-Ultrabook
174824,Laptop-Ultrabook
174866,Laptop-Ultrabook
175939,Laptop-Ultrabook
175984,Laptop-Ultrabook
177333,Laptop-Ultrabook
178868,Laptop-Ultrabook
178886,Laptop-Ultrabook
181812,Laptop-Ultrabook
183971,Laptop-Ultrabook
186820,Laptop-Ultrabook
187238,Laptop-Ultrabook
187256,Laptop-Ultrabook
187294,Laptop-Ultrabook
187946,Laptop-Ultrabook
188057,Laptop-Ultrabook
188628,Laptop-Ultrabook
188657,Laptop-Ultrabook
189566,Mobile-Phone
190107,Laptop-Ultrabook
190110,Laptop-Ultrabook
190758,Laptop-Ultrabook
190788,Laptop-Ultrabook
190807,Laptop-Ultrabook
191708,Laptop-Ultrabook
192092,Laptop-Ultrabook
192394,Laptop-Ultrabook
192417,Laptop-Ultrabook
192429,Laptop-Ultrabook
192702,Laptop-Ultrabook
193608,Laptop-Ultrabook
193921,Laptop-Ultrabook
193955,Laptop-Ultrabook
194056,Laptop-Ultrabook
194212,Laptop-Ultrabook
194243,Laptop-Ultrabook
194283,Laptop-Ultrabook
194288,Laptop-Ultrabook
194594,Laptop-Ultrabook
194664,Laptop-Ultrabook
194938,Laptop-Ultrabook
194994,Mobile-Phone
196265,Laptop-Ultrabook
196693,Laptop-Ultrabook
196694,Laptop-Ultrabook
196696,Laptop-Ultrabook
196734,Laptop-Ultrabook
196978,Mobile-Phone
197346,Laptop-Ultrabook
198296,Laptop-Ultrabook
198299,Laptop-Ultrabook
198301,Laptop-Ultrabook
198304,Laptop-Ultrabook
198486,Laptop-Ultrabook
198506,Laptop-Ultrabook
199242,Laptop-Ultrabook
199460,Laptop-Ultrabook
199472,Laptop-Ultrabook
199475,Laptop-Ultrabook
199477,Laptop-Ultrabook
199482,Laptop-Ultrabook
199836,Laptop-Ultrabook
199929,Laptop-Ultrabook
200464,Laptop-Ultrabook
200496,Laptop-Ultrabook
200521,Laptop-Ultrabook
200538,Laptop-Ultrabook
200737,Laptop-Ultrabook
202173,Laptop-Ultrabook
202223,Laptop-Ultrabook
202274,Laptop-Ultrabook
202284,Laptop-Ultrabook
202481,Laptop-Ultrabook
202498,Laptop-Ultrabook
202519,Laptop-Ultrabook
202560,Laptop-Ultrabook
202685,Laptop-Ultrabook
202805,Laptop-Ultrabook
203108,Laptop-Ultrabook
203156,Laptop-Ultrabook
203208,Laptop-Ultrabook
203363,Laptop-Ultrabook
203616,Laptop-Ultrabook
203699,Laptop-Ultrabook
203801,Laptop-Ultrabook
204018,Laptop-Ultrabook
204033,Laptop-Ultrabook
204100,Laptop-Ultrabook
204221,Laptop-Ultrabook
204804,Laptop-Ultrabook
204805,Laptop-Ultrabook
204806,Laptop-Ultrabook
204807,Laptop-Ultrabook
204897,Laptop-Ultrabook
206138,Laptop-Ultrabook
207427,Laptop-Ultrabook
208035,Laptop-Ultrabook
208076,Laptop-Ultrabook
208577,Laptop-Ultrabook
208587,Laptop-Ultrabook
208605,Laptop-Ultrabook
208618,Mobile-Phone
208625,Laptop-Ultrabook
208632,Laptop-Ultrabook
208832,Laptop-Ultrabook
208931,Laptop-Ultrabook
209048,Laptop-Ultrabook
209065,Laptop-Ultrabook
209079,Laptop-Ultrabook
209138,Laptop-Ultrabook
209266,Laptop-Ultrabook
209288,Laptop-Ultrabook
209523,Laptop-Ultrabook
209534,Laptop-Ultrabook
209568,Laptop-Ultrabook
209871,Laptop-Ultrabook
209914,Laptop-Ultrabook
210893,Laptop-Ultrabook
211084,Laptop-Ultrabook
211150,Laptop-Ultrabook
211430,Laptop-Ultrabook
211530,Laptop-Ultrabook
211622,Laptop-Ultrabook
211691,Laptop-Ultrabook
212113,Laptop-Ultrabook
212126,Mobile-Phone
212150,Laptop-Ultrabook
212951,Laptop-Ultrabook
213403,Laptop-Ultrabook
213422,Laptop-Ultrabook
213432,Laptop-Ultrabook
213482,Laptop-Ultrabook
213772,Laptop-Ultrabook
213776,Laptop-Ultrabook
213783,Laptop-Ultrabook
213788,Laptop-Ultrabook
213809,Laptop-Ultrabook
214504,Laptop-Ultrabook
214647,Laptop-Ultrabook
214714,Laptop-Ultrabook
217759,Laptop-Ultrabook
218740,Laptop-Ultrabook
219044,Laptop-Ultrabook
219108,Laptop-Ultrabook
219595,Laptop-Ultrabook
219665,Laptop-Ultrabook
219704,Laptop-Ultrabook
221414,Laptop-Ultrabook
222278,Laptop-Ultrabook
222288,Laptop-Ultrabook
222293,Laptop-Ultrabook
222309,Laptop-Ultrabook
222323,Laptop-Ultrabook
222327,Laptop-Ultrabook
222598,Laptop-Ultrabook
222899,Laptop-Ultrabook
222904,Laptop-Ultrabook
222912,Laptop-Ultrabook
222917,Laptop-Ultrabook
222921,Laptop-Ultrabook
222972,Laptop-Ultrabook
223199,Laptop-Ultrabook
223362,Laptop-Ultrabook
223413,Laptop-Ultrabook
223429,Laptop-Ultrabook
223664,Laptop-Ultrabook
223671,Laptop-Ultrabook
223724,Laptop-Ultrabook
223752,Laptop-Ultrabook
224111,Laptop-Ultrabook
224308,Laptop-Ultrabook
224472,Laptop-Ultrabook
224494,Laptop-Ultrabook
224497,Laptop-Ultrabook
224973,Laptop-Ultrabook
224976,Laptop-Ultrabook
225077,Laptop-Ultrabook
225399,Laptop-Ultrabook
225420,Laptop-Ultrabook
225425,Laptop-Ultrabook
225431,Laptop-Ultrabook
225520,Laptop-Ultrabook
225568,Laptop-Ultrabook
226017,Mobile-Phone
226709,Laptop-Ultrabook
226742,Laptop-Ultrabook
226909,Laptop-Ultrabook
227029,Laptop-Ultrabook
